CreatedAt,ID,ActualTweet,Source,Truncated,InReplyToStatusID,InReplyToUserID,InReplyToScreenName,UserID,GEO,Coordinates,PlaceID,PlaceURL,PlaceType,PlaceName,PlaceFullName,PlaceCountryCode,PlaceCountry,Contributors,RetweetCount,FavouriteCount,Hashtags,Symbols,URL,URLInTweetExpanded,Indices,MediaIndices,MediaURL,MediaURLShort,MediaType,UserMentionScreenName,UserMentionName,UserMentionID,Favourited,Retweeted,PossiblySensitive,Language
Mon Jul 07 20:37:42 +0000 2014,486247708966264832,"RT @danroan: FIFA President Sepp Blatter's nephew Philippe owns a minority stake in MATCH Hospitality, whose Director Ray Whelan has been a?","<a href=""https://about.twitter.com/products/tweetdeck"" rel=""nofollow"">TweetDeck</a>",false,,,,742143,,,,,,,,,,,136,0,,,,,,,,,,danroan,Dan Roan,21642976,false,false,,en
Mon Jul 07 20:27:17 +0000 2014,486245086398013440,RT @BBCNewsUS: US diplomat has been ordered to leave Bahrain after meeting with members of a leading Shia opposition group http://t.co/6fto?,"<a href=""https://about.twitter.com/products/tweetdeck"" rel=""nofollow"">TweetDeck</a>",false,,,,742143,,,,,,,,,,,55,0,,,http://t.co/6ftoEqJfwI,http://bbc.in/1m9Gaid,140,,,,,BBCNewsUS,"BBC News US ",69329527,false,false,false,en
Mon Jul 07 20:26:59 +0000 2014,486245009763889152,"RT @danroan: Rio police investigating World Cup ticket scam detain Ray Whelan, chief executive of the Fifa partner hospitality firm Match","<a href=""https://about.twitter.com/products/tweetdeck"" rel=""nofollow"">TweetDeck</a>",false,,,,742143,,,,,,,,,,,185,0,,,,,,,,,,danroan,Dan Roan,21642976,false,false,,en
Mon Jul 07 19:27:49 +0000 2014,486230121142312960,RT @BBCNewsUS: How do you feel about John Boehner suing US President #Obama? @AWZurcher looks at why the Speaker filed the lawsuit http://t?,"<a href=""https://about.twitter.com/products/tweetdeck"" rel=""nofollow"">TweetDeck</a>",false,,,,742143,,,,,,,,,,,38,0,Obama,,http://t.co/aM3e6jyUBI,http://bbc.in/1oezzzu,140,,,,,awzurcher,Anthony Zurcher,52573702,false,false,false,en
Mon Jul 07 19:27:23 +0000 2014,486230012245590016,"RT @bbcworldservice: Since World Cup host countries pay the costs, should Fifa be more fair in sharing the spoils? http://t.co/BBtXV0UjGi h?","<a href=""https://about.twitter.com/products/tweetdeck"" rel=""nofollow"">TweetDeck</a>",false,,,,742143,,,,,,,,,,,112,0,,,http://t.co/BBtXV0UjGi,http://bbc.in/1pU3LqB,137,140,http://pbs.twimg.com/media/Br9uc_yIcAEAftu.jpg,http://t.co/JMyp8PVnOI,photo,bbcworldservice,BBC World Service,786764,false,false,false,en
Mon Jul 07 19:24:54 +0000 2014,486229386765815808,RT @BenBrownBBC: Press at copacabana palace hotel - reports police here to arrest Fifa official over alleged ticket scam #bbcworldcup http:?,"<a href=""https://about.twitter.com/products/tweetdeck"" rel=""nofollow"">TweetDeck</a>",false,,,,742143,,,,,,,,,,,142,0,bbcworldcup,,,,,140,http://pbs.twimg.com/media/Br9ut31CMAEXpwZ.jpg,http://t.co/5gclxzmuB0,photo,BenBrownBBC,Ben Brown,1201698912,false,false,false,en
Mon Jul 07 19:23:52 +0000 2014,486229128673521664,"RT @BBCSteveR: Went into the basement of security services hq in Sloviansk, where proRussia insurgents kept some of their prisoners http://?","<a href=""https://about.twitter.com/products/tweetdeck"" rel=""nofollow"">TweetDeck</a>",false,,,,742143,,,,,,,,,,,67,0,,,,,,140,http://pbs.twimg.com/media/Br9te4PIgAIihmC.jpg,http://t.co/CgFs36YLuO,photo,BBCSteveR,Steve Rosenberg,438111039,false,false,false,en
Mon Jul 07 19:23:30 +0000 2014,486229035723522048,"RT @BBCNews: ""Dangerous mix of vanity and stupidity"" - Tour de France and the selfie http://t.co/8hFwvtzz2S http://t.co/tIu90bg3I6","<a href=""https://about.twitter.com/products/tweetdeck"" rel=""nofollow"">TweetDeck</a>",false,,,,742143,,,,,,,,,,,181,0,,,http://t.co/8hFwvtzz2S,http://bbc.in/1mBO1Gh,107,130,http://pbs.twimg.com/media/Br9uraEIIAAxohr.jpg,http://t.co/tIu90bg3I6,photo,BBCNews,BBC News (UK),612473,false,false,false,en
Mon Jul 07 19:10:12 +0000 2014,486225689256165376,RT @BBCtrending: #BBCtrending: Are #GazaUnderAttack images accurate? http://t.co/mL3UsGKXtZ,"<a href=""https://about.twitter.com/products/tweetdeck"" rel=""nofollow"">TweetDeck</a>",false,,,,742143,,,,,,,,,,,76,0,GazaUnderAttack,,http://t.co/mL3UsGKXtZ,http://bbc.in/1oBJtym,91,,,,,BBCtrending,BBC Trending,1562935142,false,false,false,en
Mon Jul 07 19:03:10 +0000 2014,486223919545061376,"RT @BBCKarenAllen: #US state dept spox says focus is on encouraging a ""full and thorough review of all reasonable allegations of irregulari?","<a href=""https://about.twitter.com/products/tweetdeck"" rel=""nofollow"">TweetDeck</a>",false,,,,742143,,,,,,,,,,,14,0,Afghan,,,,,,,,,BBCKarenAllen,Karen Allen,205257492,false,false,,en
Mon Jul 07 18:05:36 +0000 2014,486209433673138176,Broad criticises 'crazy' schedule http://t.co/e4oAPzcSAE,"<a href=""http://www.bbc.co.uk/news/"" rel=""nofollow"">BBC News</a>",false,,,,742143,,,,,,,,,,,23,9,,,http://t.co/e4oAPzcSAE,http://bbc.in/1pUWarN,56,,,,,,,,false,false,false,en
Mon Jul 07 17:53:13 +0000 2014,486206314474135553,"Dozens of rockets fired from Gaza at Israel, after Hamas vowed revenge over air strikes on Gaza http://t.co/VoKv9EKo3E","<a href=""http://www.socialflow.com"" rel=""nofollow"">SocialFlow</a>",false,,,,742143,,,,,,,,,,,120,36,,,http://t.co/VoKv9EKo3E,http://bbc.in/1m9kzGA,118,,,,,,,,false,false,false,en
Mon Jul 07 17:02:53 +0000 2014,486193647747334144,RT @DaveLeeBBC: Contraceptive computer chip controlled by remote control; lasts 16 years inside a woman's body http://t.co/8siLRi41iC,"<a href=""https://about.twitter.com/products/tweetdeck"" rel=""nofollow"">TweetDeck</a>",false,,,,742143,,,,,,,,,,,189,0,,,http://t.co/8siLRi41iC,http://bbc.in/TNZNkf,133,,,,,DaveLeeBBC,Dave Lee,1251785912,false,false,false,en
Mon Jul 07 16:59:25 +0000 2014,486192777261506560,"""#Isis are terrified of us"" - @BowenBBC meets Shia militia group fighting on side of Iraqi government http://t.co/n7mxmcuhCN","<a href=""http://www.socialflow.com"" rel=""nofollow"">SocialFlow</a>",false,,,,742143,,,,,,,,,,,52,22,Isis,,http://t.co/n7mxmcuhCN,http://bbc.in/1oBEXzV,124,,,,,BowenBBC,Jeremy Bowen,42501345,false,false,false,en
Mon Jul 07 16:35:08 +0000 2014,486186664155709440,RT @BBCTech: VIDEO: The bracelet that reads your emotions http://t.co/G4Bok98LDa,"<a href=""https://about.twitter.com/products/tweetdeck"" rel=""nofollow"">TweetDeck</a>",false,,,,742143,,,,,,,,,,,55,0,,,http://t.co/G4Bok98LDa,http://bbc.in/1qE83QE,80,,,,,BBCTech,BBC Technology,621583,false,false,false,en
Mon Jul 07 16:32:34 +0000 2014,486186017691795456,"Plane spotter films ""near miss"" of two planes at Barcelona airport http://t.co/Hi2BQeEouj http://t.co/x8wbOfejKp","<a href=""http://www.socialflow.com"" rel=""nofollow"">SocialFlow</a>",false,,,,742143,,,,,,,,,,,727,280,,,http://t.co/Hi2BQeEouj,http://bbc.in/1oeg9uM,89,112,http://pbs.twimg.com/media/Br9Hm2YIUAA8FVL.jpg,http://t.co/x8wbOfejKp,photo,,,,false,false,false,en
Mon Jul 07 16:21:50 +0000 2014,486183317956734976,"RT @BBCSport: Alfredo Di Stefano, who won five successive European Cups with @realmadrid has died aged 88. http://t.co/rXoJSQXLfh http://t.?","<a href=""https://about.twitter.com/products/tweetdeck"" rel=""nofollow"">TweetDeck</a>",false,,,,742143,,,,,,,,,,,807,0,,,http://t.co/rXoJSQXLfh,http://bbc.in/1pUIHA5,129,140,http://pbs.twimg.com/media/Br9C2B2IcAAsnRK.jpg,http://t.co/ntR8SSlHoo,photo,realmadrid,Real Madrid C. F.,14872237,false,false,false,en
Mon Jul 07 16:15:19 +0000 2014,486181675895115778,3 bridges destroyed outside #Donetsk city ahead of expected Ukrainian troops offensive http://t.co/ek0P5Kl4Zw http://t.co/OOcupIG4C3,"<a href=""http://www.socialflow.com"" rel=""nofollow"">SocialFlow</a>",false,,,,742143,,,,,,,,,,,341,91,Donetsk,,http://t.co/ek0P5Kl4Zw,http://bbc.in/1oBySmT,109,132,http://pbs.twimg.com/media/Br9DqHTIgAEAiYw.jpg,http://t.co/OOcupIG4C3,photo,,,,false,false,false,en
Mon Jul 07 15:41:53 +0000 2014,486173265061494784,"RT @BBCBreaking: Alfredo Di Stefano, seen by some as the greatest ever football player, dies aged 88, reports say http://t.co/TmzCF1JlV6","<a href=""https://about.twitter.com/products/tweetdeck"" rel=""nofollow"">TweetDeck</a>",false,,,,742143,,,,,,,,,,,1256,0,,,,,,136,http://pbs.twimg.com/media/Br87yEUIEAA_hEw.jpg,http://t.co/TmzCF1JlV6,photo,BBCBreaking,BBC Breaking News,5402612,false,false,false,en
Mon Jul 07 15:32:30 +0000 2014,486170903588651009,"Hamas says Israel will ""pay tremendous price"" after 8 militants were killed overnight in air strikes on Gaza http://t.co/JhmegiNWlQ","<a href=""http://www.socialflow.com"" rel=""nofollow"">SocialFlow</a>",false,,,,742143,,,,,,,,,,,105,43,,,http://t.co/JhmegiNWlQ,http://bbc.in/1oBt7pc,131,,,,,,,,false,false,false,en
Mon Jul 07 15:32:00 +0000 2014,486170777986007040,RT @BBCNewsUS: Family of woman who was punched in face &amp; head by a California policeman says they will sue http://t.co/8IqsU7ebYN http://t.?,"<a href=""https://about.twitter.com/products/tweetdeck"" rel=""nofollow"">TweetDeck</a>",false,,,,742143,,,,,,,,,,,297,0,,,http://t.co/8IqsU7ebYN,http://bbc.in/1oBsa0a,133,144,http://pbs.twimg.com/media/Br84kRZIUAANs8w.jpg,http://t.co/PcGDEMbDBq,photo,BBCNewsUS,"BBC News US ",69329527,false,false,false,en
Mon Jul 07 15:01:52 +0000 2014,486163192868274176,RT @BBCNewsUS: Justin Timberlake beats out Arcade Fire and the Rolling Stones to claim best live act prize at the Silver Clef awards http:/?,"<a href=""https://about.twitter.com/products/tweetdeck"" rel=""nofollow"">TweetDeck</a>",false,,,,742143,,,,,,,,,,,68,0,,,http://t.co/zU5vDbMnnR,http://bbc.in/1oBmPGi,140,,,,,BBCNewsUS,"BBC News US ",69329527,false,false,false,en
Mon Jul 07 15:01:23 +0000 2014,486163074022666241,"""I've had a sheep named after me, but not a dog"" - @DollyParton adopts #Glastonbury lurcher http://t.co/z72nBBu1lC http://t.co/f9WsDew8BD","<a href=""http://www.socialflow.com"" rel=""nofollow"">SocialFlow</a>",false,,,,742143,,,,,,,,,,,202,192,Glastonbury,,http://t.co/z72nBBu1lC,http://bbc.in/1m8SbnT,114,137,http://pbs.twimg.com/media/Br8yvWZIcAAOVOc.jpg,http://t.co/f9WsDew8BD,photo,DollyParton,Dolly Parton,14790966,false,false,false,en
Mon Jul 07 14:49:53 +0000 2014,486160178715578369,Zookeeper narrowly escapes crocodile attack during feeding show at Australian zoo http://t.co/h1P9THuwNt,"<a href=""http://www.socialflow.com"" rel=""nofollow"">SocialFlow</a>",false,,,,742143,,,,,,,,,,,51,40,,,http://t.co/h1P9THuwNt,http://bbc.in/1oBlWNZ,104,,,,,,,,false,false,false,en
Mon Jul 07 14:24:59 +0000 2014,486153910969982976,"RT @BBCKarenAllen: afghanistan ""Elex bodies involved in fraud"" Nuristani from IEC","<a href=""https://about.twitter.com/products/tweetdeck"" rel=""nofollow"">TweetDeck</a>",false,,,,742143,,,,,,,,,,,17,0,,,,,,,,,,BBCKarenAllen,Karen Allen,205257492,false,false,,ro
Mon Jul 07 14:24:46 +0000 2014,486153857219964930,RT @BBCKarenAllen: afghanistan  quick math 7.9 million votes counted out of a turnout of more than 8 million - not final result though,"<a href=""https://about.twitter.com/products/tweetdeck"" rel=""nofollow"">TweetDeck</a>",false,,,,742143,,,,,,,,,,,39,0,,,,,,,,,,BBCKarenAllen,Karen Allen,205257492,false,false,,en
Mon Jul 07 14:24:19 +0000 2014,486153745030717440,"RT @BBCBreaking: Ashraf Ghani wins 56% of votes cast in Afghanistan's presidential election, according to preliminary results http://t.co/L?","<a href=""https://about.twitter.com/products/tweetdeck"" rel=""nofollow"">TweetDeck</a>",false,,,,742143,,,,,,,,,,,189,0,,,http://t.co/LgICJ9tnyy,http://bbc.in/TNJZ0F,140,,,,,BBCBreaking,BBC Breaking News,5402612,false,false,false,en
Mon Jul 07 14:15:11 +0000 2014,486151446287896576,Iraqi MPs again delay session to elect new leadership in midst of fighting http://t.co/jcCiSUUf97,"<a href=""http://www.socialflow.com"" rel=""nofollow"">SocialFlow</a>",false,,,,742143,,,,,,,,,,,39,17,,,http://t.co/jcCiSUUf97,http://bbc.in/1oBgxGJ,97,,,,,,,,false,false,false,en
Mon Jul 07 13:59:34 +0000 2014,486147516514451457,"RT @BBCNewshour: ""Apart from the birth of my children, I don't think I've had a more life-changing experience"", child abuse survivor on mee?","<a href=""https://about.twitter.com/products/tweetdeck"" rel=""nofollow"">TweetDeck</a>",false,,,,742143,,,,,,,,,,,34,0,,,,,,,,,,Pontifex,Pope Francis,500704345,false,false,,en
Mon Jul 07 13:30:15 +0000 2014,486140135944511488,Australia's high court blocks government's attempt to return 153 asylum seekers to Sri Lanka http://t.co/QMU377md4u,"<a href=""http://www.socialflow.com"" rel=""nofollow"">SocialFlow</a>",false,,,,742143,,,,,,,,,,,99,54,,,http://t.co/QMU377md4u,http://bbc.in/1oB9Q7z,115,,,,,,,,false,false,false,en
Mon Jul 07 13:28:26 +0000 2014,486139681789472768,"RT @BBCMonitoring: Ugandan police officer shoots dead ""aggressive"" tortoise http://t.co/nIhIt8Jd9s #NewsFromElsewhere","<a href=""https://about.twitter.com/products/tweetdeck"" rel=""nofollow"">TweetDeck</a>",false,,,,742143,,,,,,,,,,,101,0,NewsFromElsewhere,,http://t.co/nIhIt8Jd9s,http://bbc.in/1j8sR1Q,98,,,,,BBCMonitoring,BBC Monitoring,569238628,false,false,false,en
Mon Jul 07 13:26:11 +0000 2014,486139112370737152,RT @BBCtrending: Is it possible to use social media for fundraising? Nigerians fight for healthcare online http://t.co/Fv9JlzT9L3 #Repost  ?,"<a href=""https://about.twitter.com/products/tweetdeck"" rel=""nofollow"">TweetDeck</a>",false,,,,742143,,,,,,,,,,,55,0,SaveYakubuYusuf,,http://t.co/Fv9JlzT9L3,http://bbc.in/1n7GmhW,129,,,,,BBCtrending,BBC Trending,1562935142,false,false,false,en
Mon Jul 07 13:13:43 +0000 2014,486135978697191424,Police in Ghana search for body of Afrobeats artist #Castro after suspected boating accident http://t.co/pk6cibzQzU,"<a href=""http://www.socialflow.com"" rel=""nofollow"">SocialFlow</a>",false,,,,742143,,,,,,,,,,,521,98,Castro,,http://t.co/pk6cibzQzU,http://bbc.in/1m8zpgu,115,,,,,,,,false,false,false,en
Mon Jul 07 12:56:59 +0000 2014,486131764801597441,RT @BBCBreaking: At least 2 reported dead in Guatemala after 7.1-magnitude earthquake struck large area in southern Mexico,"<a href=""https://about.twitter.com/products/tweetdeck"" rel=""nofollow"">TweetDeck</a>",false,,,,742143,,,,,,,,,,,429,0,,,,,,,,,,BBCBreaking,BBC Breaking News,5402612,false,false,,en
Mon Jul 07 12:36:30 +0000 2014,486126610039730177,"Egypt's President Sisi ""regrets"" trial of al-Jazeera journalists, saying it had ""very negative effects"" http://t.co/jGzTWOP2Km #AJTrial","<a href=""http://www.socialflow.com"" rel=""nofollow"">SocialFlow</a>",false,,,,742143,,,,,,,,,,,124,46,AJTrial,,http://t.co/jGzTWOP2Km,http://bbc.in/1m8ugFf,126,,,,,,,,false,false,false,en
Mon Jul 07 12:12:19 +0000 2014,486120525199331329,RT @BBCBreaking: Pope Francis begs clergy sex abuse victims for forgiveness for church's failure to respond to cases http://t.co/PydkqoRvXg,"<a href=""https://about.twitter.com/products/tweetdeck"" rel=""nofollow"">TweetDeck</a>",false,,,,742143,,,,,,,,,,,254,0,,,http://t.co/PydkqoRvXg,http://bbc.in/1mZhNiA,139,,,,,BBCBreaking,BBC Breaking News,5402612,false,false,false,en
Mon Jul 07 12:01:17 +0000 2014,486117748901421056,RT @BBCGavinHewitt: Russia calls for an 'adequate response' from the EU...'to halt the shelling of civilian sites by Kiev' #Ukraine,"<a href=""https://about.twitter.com/products/tweetdeck"" rel=""nofollow"">TweetDeck</a>",false,,,,742143,,,,,,,,,,,48,0,Ukraine,,,,,,,,,BBCGavinHewitt,Gavin Hewitt,52000483,false,false,,en
Mon Jul 07 11:58:14 +0000 2014,486116978743341057,"RT @BBCAfrica: Egypt's President says he wishes three jailed al-Jazeera journalists had never been put on trial, local media report http://?","<a href=""https://about.twitter.com/products/tweetdeck"" rel=""nofollow"">TweetDeck</a>",false,,,,742143,,,,,,,,,,,77,0,,,http://t.co/E7vPoUtUBy,http://bbc.in/1oAWgRB,140,,,,,BBCAfrica,BBC Africa,36670025,false,false,false,en
Mon Jul 07 11:41:28 +0000 2014,486112763291652096,"#NovakDjokovic's thrilling Wimbledon win over #RogerFederer, by the numbers http://t.co/PwjPxJjnb5 #BBCGoFigure http://t.co/msK3teVRol","<a href=""http://www.socialflow.com"" rel=""nofollow"">SocialFlow</a>",false,,,,742143,,,,,,,,,,,367,269,BBCGoFigure,,http://t.co/PwjPxJjnb5,http://bbc.in/1n7tMzl,98,134,http://pbs.twimg.com/media/Br8E-4IIEAAvWYR.jpg,http://t.co/msK3teVRol,photo,,,,false,false,false,en
Mon Jul 07 11:34:32 +0000 2014,486111017198702592,RT @BBCMonitoring: Young South Koreans give up on lavish weddings because of economic woes http://t.co/ZH64Zb8wCX #NewsFromElsewhere,"<a href=""https://about.twitter.com/products/tweetdeck"" rel=""nofollow"">TweetDeck</a>",false,,,,742143,,,,,,,,,,,65,0,NewsFromElsewhere,,http://t.co/ZH64Zb8wCX,http://bbc.in/TNs9uH,113,,,,,BBCMonitoring,BBC Monitoring,569238628,false,false,false,en
Mon Jul 07 11:33:09 +0000 2014,486110666886238208,Swiss helicopter firm at centre of inquiry into attempts to sell F1 champion Michael #Schumacher medical file http://t.co/4LkdsBUTRc,"<a href=""http://www.socialflow.com"" rel=""nofollow"">SocialFlow</a>",false,,,,742143,,,,,,,,,,,72,39,Schumacher,,http://t.co/4LkdsBUTRc,http://bbc.in/1n7sBzM,132,,,,,,,,false,false,false,en
Mon Jul 07 11:25:55 +0000 2014,486108848500252672,RT @BBCtrending: LISTEN: #RamadanProblems - the hashtag that bridges the gap between those who do and don't observe fast http://t.co/qDNleH?,"<a href=""https://about.twitter.com/products/tweetdeck"" rel=""nofollow"">TweetDeck</a>",false,,,,742143,,,,,,,,,,,60,0,RamadanProblems,,http://t.co/qDNleHN9cx,http://bbc.in/1pU9g8J,140,,,,,BBCtrending,BBC Trending,1562935142,false,false,false,en
Mon Jul 07 11:16:48 +0000 2014,486106554975137792,RT @BBCBusiness: Sniff of success: What's the secret to selling smells online? http://t.co/2vw4q3RGtD  #entrepreneurship #mybusiness http:/?,"<a href=""https://about.twitter.com/products/tweetdeck"" rel=""nofollow"">TweetDeck</a>",false,,,,742143,,,,,,,,,,,66,0,mybusiness,,http://t.co/2vw4q3RGtD,http://bbc.in/1m8hOFw,101,140,http://pbs.twimg.com/media/Br7_AQgIUAAbNA2.jpg,http://t.co/AR6GKbSTJ5,photo,BBCBusiness,BBC Business,621523,false,false,false,en
Mon Jul 07 11:16:30 +0000 2014,486106479683182592,RT @BBCBreaking: Australian court blocks attempt to return 153 Sri Lankan asylum seekers to their government http://t.co/j2BTLYLj9F,"<a href=""https://about.twitter.com/products/tweetdeck"" rel=""nofollow"">TweetDeck</a>",false,,,,742143,,,,,,,,,,,209,0,,,http://t.co/j2BTLYLj9F,http://bbc.in/1pU96y5,131,,,,,BBCBreaking,BBC Breaking News,5402612,false,false,false,en
Mon Jul 07 11:13:43 +0000 2014,486105776269058051,"RT @BBCNews: ""The riders could not function without the unseen support staff."" Inside a #TourDeFrance team
http://t.co/KDNSW2ZW19 http://t.?","<a href=""https://about.twitter.com/products/tweetdeck"" rel=""nofollow"">TweetDeck</a>",false,,,,742143,,,,,,,,,,,78,0,TourDeFrance,,http://t.co/KDNSW2ZW19,http://bbc.in/1j7s8xH,129,140,http://pbs.twimg.com/media/Br792lUIIAAxfyY.jpg,http://t.co/ZsbMPkBPbW,photo,BBCNews,BBC News (UK),612473,false,false,false,en
Mon Jul 07 11:00:41 +0000 2014,486102496210071552,RT @BBCtrending: LISTEN: Did you miss our show this weekend? Trending explains the stories the world is sharing - http://t.co/s3oRbrlmMh,"<a href=""https://about.twitter.com/products/tweetdeck"" rel=""nofollow"">TweetDeck</a>",false,,,,742143,,,,,,,,,,,11,0,,,http://t.co/s3oRbrlmMh,http://bbc.in/1jYBAi8,136,,,,,BBCtrending,BBC Trending,1562935142,false,false,false,en
Mon Jul 07 10:24:43 +0000 2014,486093445027860480,RT @BBCGavinHewitt: Over new spying row between Germany and US - German govt spokesman says trade deal talks with US not at risk over alleg?,"<a href=""https://about.twitter.com/products/tweetdeck"" rel=""nofollow"">TweetDeck</a>",false,,,,742143,,,,,,,,,,,44,0,,,,,,,,,,BBCGavinHewitt,Gavin Hewitt,52000483,false,false,,en
Mon Jul 07 10:22:48 +0000 2014,486092962913607681,Ukraine to blockade two rebel-held major cities in ongoing action against pro-Russian separatists - senior official http://t.co/LPPnnKycq6,"<a href=""http://www.socialflow.com"" rel=""nofollow"">SocialFlow</a>",false,,,,742143,,,,,,,,,,,72,32,,,http://t.co/LPPnnKycq6,http://bbc.in/1n7jgrO,138,,,,,,,,false,false,false,en
Mon Jul 07 09:54:13 +0000 2014,486085772366589952,Social media building sense of pride and community among Muslims #BBCtrending #Ramadanproblems http://t.co/eDFepI0i0G http://t.co/kesfyRuzb8,"<a href=""http://www.socialflow.com"" rel=""nofollow"">SocialFlow</a>",false,,,,742143,,,,,,,,,,,280,195,Ramadanproblems,,http://t.co/eDFepI0i0G,http://bbc.in/1j7s2X8,117,140,http://pbs.twimg.com/media/Br7sbyyIEAAxkF7.jpg,http://t.co/kesfyRuzb8,photo,,,,false,false,false,en
Mon Jul 07 09:43:18 +0000 2014,486083024204103680,RT @BBCScotlandNews: The #Aberdeen #Isis video man Abdul Rakib Amin says he is 'willing to die' for what he believes http://t.co/8aNVLJc94n,"<a href=""https://about.twitter.com/products/tweetdeck"" rel=""nofollow"">TweetDeck</a>",false,,,,742143,,,,,,,,,,,35,0,Isis,,http://t.co/8aNVLJc94n,http://bbc.in/1kvi90h,139,,,,,BBCScotlandNews,BBC Scotland News,15687507,false,false,false,en
Mon Jul 07 09:34:47 +0000 2014,486080879283171328,"RT @BBCJamieCoo: My memory of Soviet FM &amp; Georgian Pres Eduard #Shevardnadze: opening a coca cola bottling plant &amp; saying: ""it tastes a lot?","<a href=""https://about.twitter.com/products/tweetdeck"" rel=""nofollow"">TweetDeck</a>",false,,,,742143,,,,,,,,,,,84,0,Shevardnadze,,,,,,,,,BBCJamieCoo,James Coomarasamy,37692191,false,false,,en
Mon Jul 07 09:33:52 +0000 2014,486080649246560256,"First suspected #Ebola case being treated in Ghana, health ministry says http://t.co/8gOAiFAJT6","<a href=""http://www.socialflow.com"" rel=""nofollow"">SocialFlow</a>",false,,,,742143,,,,,,,,,,,242,50,Ebola,,http://t.co/8gOAiFAJT6,http://bbc.in/1mzVLIP,95,,,,,,,,false,false,false,en
Mon Jul 07 09:20:01 +0000 2014,486077163930939392,RT @BBCKarenAllen: Suicide blast close to Herat airport. Military bus carrying ANA soldiers targeted. Military sources tell us 3 injured.,"<a href=""https://about.twitter.com/products/tweetdeck"" rel=""nofollow"">TweetDeck</a>",false,,,,742143,,,,,,,,,,,56,0,,,,,,,,,,BBCKarenAllen,Karen Allen,205257492,false,false,,en
Mon Jul 07 09:16:48 +0000 2014,486076353939529728,"RT @BBCGavinHewitt: In May Germany's industrial output fell 1.8%. Steepest drop in 2 years.
Euro weakened on news. #Germany","<a href=""https://about.twitter.com/products/tweetdeck"" rel=""nofollow"">TweetDeck</a>",false,,,,742143,,,,,,,,,,,73,0,Germany,,,,,,,,,BBCGavinHewitt,Gavin Hewitt,52000483,false,false,,en
Mon Jul 07 09:16:33 +0000 2014,486076292258086912,"Obituary for Eduard Shevardnadze, reforming Soviet foreign minister who helped end Cold War http://t.co/RV5CZWyjNr","<a href=""http://www.socialflow.com"" rel=""nofollow"">SocialFlow</a>",false,,,,742143,,,,,,,,,,,107,33,,,http://t.co/RV5CZWyjNr,http://bbc.in/1oduYxt,114,,,,,,,,false,false,false,en
Mon Jul 07 09:02:30 +0000 2014,486072755725803521,RT @BBCBreaking: Ex-Georgia President Eduard Shevardnadze dies aged 86 after long illness - personal assistant http://t.co/9AjcQDUfoe http:?,"<a href=""https://about.twitter.com/products/tweetdeck"" rel=""nofollow"">TweetDeck</a>",false,,,,742143,,,,,,,,,,,337,0,,,http://t.co/9AjcQDUfoe,http://bbc.in/1n79oyg,133,140,http://pbs.twimg.com/media/Br7giVOIcAA0Bpr.jpg,http://t.co/WV3909EuT6,photo,BBCBreaking,BBC Breaking News,5402612,false,false,false,en
Mon Jul 07 08:53:55 +0000 2014,486070597563465728,"RT @BBCBreaking: Former Georgia President Eduard Shevardnadze has died, media reports say http://t.co/XBqGJLGrVD","<a href=""https://about.twitter.com/products/tweetdeck"" rel=""nofollow"">TweetDeck</a>",false,,,,742143,,,,,,,,,,,155,0,,,http://t.co/XBqGJLGrVD,http://bbc.in/1teTLJL,112,,,,,BBCBreaking,BBC Breaking News,5402612,false,false,false,en
Mon Jul 07 08:49:08 +0000 2014,486069391369703424,"RT @BBCtrending: You've probably heard of #FirstWorldProblems, but what about #RamadanProblems? http://t.co/ue1GTQkwQw http://t.co/6HdhcA7e?","<a href=""https://about.twitter.com/products/tweetdeck"" rel=""nofollow"">TweetDeck</a>",false,,,,742143,,,,,,,,,,,214,0,RamadanProblems,,http://t.co/ue1GTQkwQw,http://bbc.in/1jYjH2T,118,140,http://pbs.twimg.com/media/Br7bLvdIgAAySTa.jpg,http://t.co/6HdhcA7ezy,photo,BBCtrending,BBC Trending,1562935142,false,false,false,en
Mon Jul 07 08:19:57 +0000 2014,486062049026637824,Nine Palestinian militants killed in Israeli air raids on Gaza following rocket attacks on Israel http://t.co/Wa16CKimue,"<a href=""http://www.socialflow.com"" rel=""nofollow"">SocialFlow</a>",false,,,,742143,,,,,,,,,,,95,31,,,http://t.co/Wa16CKimue,http://bbc.in/1oAw0GX,120,,,,,,,,false,false,false,en
Mon Jul 07 08:06:47 +0000 2014,486058735341928448,RT @BBCNewsAsia: Tamed for tourists: http://t.co/zrBcRAuvQV 'Cruel' Burmese trade in Asian elephants threatens survival http://t.co/8NcrQaw?,"<a href=""https://about.twitter.com/products/tweetdeck"" rel=""nofollow"">TweetDeck</a>",false,,,,742143,,,,,,,,,,,175,0,,,http://t.co/zrBcRAuvQV,http://bbc.in/1jfv3oy,59,140,http://pbs.twimg.com/media/Br7TmcuCEAAIqc9.jpg,http://t.co/8NcrQawhIk,photo,BBCNewsAsia,BBC News Asia,1642135962,false,false,false,en
Mon Jul 07 07:50:54 +0000 2014,486054737746608128,RT @BBCNewsbeat: Two young unknowns have been cast in open auditions for @starwars. Find out who they are. http://t.co/771L61FBM3 http://t.?,"<a href=""https://about.twitter.com/products/tweetdeck"" rel=""nofollow"">TweetDeck</a>",false,,,,742143,,,,,,,,,,,170,0,,,http://t.co/771L61FBM3,http://www.bbc.co.uk/news/entertainment-arts-28187973,129,140,http://pbs.twimg.com/media/Br7Py9MCIAASN9T.jpg,http://t.co/FOeVVmh8UI,photo,starwars,Star Wars,20106852,false,false,false,en
Mon Jul 07 07:43:27 +0000 2014,486052862599131136,Watch continuing coverage of #OscarPistorius trial &amp; follow @BBCAndrewH for updates from court http://t.co/qQL1zTP4W0,"<a href=""http://www.socialflow.com"" rel=""nofollow"">SocialFlow</a>",false,,,,742143,,,,,,,,,,,33,17,OscarPistorius,,http://t.co/qQL1zTP4W0,http://bbc.in/1jYcKik,121,,,,,BBCAndrewH,andrew harding,132195390,false,false,false,en
Mon Jul 07 07:38:22 +0000 2014,486051584615649281,Shia militant leader apologises for group's kidnapping of five Britons in Iraq in 2007 &amp; killing of four of them http://t.co/sSZHWBlQNx,"<a href=""http://www.socialflow.com"" rel=""nofollow"">SocialFlow</a>",false,,,,742143,,,,,,,,,,,85,25,,,http://t.co/sSZHWBlQNx,http://bbc.in/1jYc5h4,139,,,,,,,,false,false,false,en
Mon Jul 07 07:37:25 +0000 2014,486051345624215552,RT @BBCNewsAsia: Vietnam military helicopter crash kills 16 http://t.co/oXv7lWxKRW http://t.co/jK7a5Ku7Ud,"<a href=""https://about.twitter.com/products/tweetdeck"" rel=""nofollow"">TweetDeck</a>",false,,,,742143,,,,,,,,,,,72,0,,,http://t.co/oXv7lWxKRW,http://bbc.in/1jfqFGc,82,105,http://pbs.twimg.com/media/Br7M6MvCQAE2Hox.jpg,http://t.co/jK7a5Ku7Ud,photo,BBCNewsAsia,BBC News Asia,1642135962,false,false,false,ro
Mon Jul 07 07:31:12 +0000 2014,486049778653208576,"RT @BBCAndrewH: We're back at the #OscarPistorius trial, and wondering if the weekend video scandal will prolong the trial once again.","<a href=""https://about.twitter.com/products/tweetdeck"" rel=""nofollow"">TweetDeck</a>",false,,,,742143,,,,,,,,,,,30,0,OscarPistorius,,,,,,,,,BBCAndrewH,andrew harding,132195390,false,false,,en
Mon Jul 07 07:30:46 +0000 2014,486049670981226496,"RT @BBCNews: Members of Cambridge Five spy ring ""hopeless drunks incapable of keeping secrets"", newly-released Soviet files reveal http://t?","<a href=""https://about.twitter.com/products/tweetdeck"" rel=""nofollow"">TweetDeck</a>",false,,,,742143,,,,,,,,,,,82,0,,,http://t.co/mxDBfRmVOy,http://bbc.in/1odlfqY,140,,,,,BBCNews,BBC News (UK),612473,false,false,false,en
Mon Jul 07 07:04:51 +0000 2014,486043146670063616,How UK chancellor @George_Osborne woos Indian business investment - analysis by @peston http://t.co/vmrg5xqv9V,"<a href=""http://www.socialflow.com"" rel=""nofollow"">SocialFlow</a>",false,,,,742143,,,,,,,,,,,36,28,,,http://t.co/vmrg5xqv9V,http://bbc.in/1n6Vdcz,110,,,,,Peston,Robert Peston,14157134,false,false,false,en
Mon Jul 07 06:59:09 +0000 2014,486041715590324224,"RT @BowenBBC: Our exclusive reports today with Asaib Ahl al-Haq, most feared Shia fighting group (now also political) #Iraq AUDIO http://t.?","<a href=""https://about.twitter.com/products/tweetdeck"" rel=""nofollow"">TweetDeck</a>",false,,,,742143,,,,,,,,,,,62,0,Iraq,,http://t.co/28xWUjVG3c,http://bbc.in/1moHyNp,140,,,,,BowenBBC,Jeremy Bowen,42501345,false,false,false,en
Mon Jul 07 06:50:28 +0000 2014,486039528449527808,RT @BBCNewsAsia: Chinese media assess German ties as Chancellor Angela Merkel holds talks with China's leaders: http://t.co/M3LQj0bONH http?,"<a href=""https://about.twitter.com/products/tweetdeck"" rel=""nofollow"">TweetDeck</a>",false,,,,742143,,,,,,,,,,,108,0,,,http://t.co/M3LQj0bONH,http://bbc.in/1oAkg7a,134,140,http://pbs.twimg.com/media/Br7B9D2CAAAPi4Q.jpg,http://t.co/7Xr9qhVELO,photo,BBCNewsAsia,BBC News Asia,1642135962,false,false,false,en
Mon Jul 07 06:43:33 +0000 2014,486037788840964096,Imran Khan urges army to allow aid into north-west Pakistan to help those displaced by anti-Taliban operations http://t.co/pFbKcnPG62,"<a href=""http://www.socialflow.com"" rel=""nofollow"">SocialFlow</a>",false,,,,742143,,,,,,,,,,,79,39,,,http://t.co/pFbKcnPG62,http://bbc.in/1oAjU0k,133,,,,,,,,false,false,false,en
Mon Jul 07 06:40:15 +0000 2014,486036959199260672,RT @BBCr4today: Isis militants 'are terrified of us? ? @BowenBBC speaks to the Shia militia group League of the Righteous: http://t.co/oLud?,"<a href=""https://about.twitter.com/products/tweetdeck"" rel=""nofollow"">TweetDeck</a>",false,,,,742143,,,,,,,,,,,54,0,,,http://t.co/oLudUwZ83x,http://bit.ly/1vQeHmr,140,,,,,BowenBBC,Jeremy Bowen,42501345,false,false,false,en
Mon Jul 07 06:20:57 +0000 2014,486032099506675712,RT @BBCNewsAsia: North Korea to send cheerleaders to Asian Games in South http://t.co/vApumehvGH http://t.co/QQpU3H55Xy,"<a href=""https://about.twitter.com/products/tweetdeck"" rel=""nofollow"">TweetDeck</a>",false,,,,742143,,,,,,,,,,,231,0,,,http://t.co/vApumehvGH,http://bbc.in/1qMYyAd,96,119,http://pbs.twimg.com/media/Br67kEICcAEck_g.jpg,http://t.co/QQpU3H55Xy,photo,BBCNewsAsia,BBC News Asia,1642135962,false,false,false,en
Mon Jul 07 05:23:06 +0000 2014,486017542977495041,"Major Typhoon #Neoguri now approaching #Okinawa island chain, #Japan officials warn http://t.co/ZsiBpLfqOl http://t.co/1fEqnR11Zj","<a href=""http://www.socialflow.com"" rel=""nofollow"">SocialFlow</a>",false,,,,742143,,,,,,,,,,,420,114,Japan,,http://t.co/ZsiBpLfqOl,http://bbc.in/1mp6Pa5,106,129,http://pbs.twimg.com/media/Br6uYVFIYAEMRei.jpg,http://t.co/1fEqnR11Zj,photo,,,,false,false,false,en
Mon Jul 07 04:48:16 +0000 2014,486008775816790016,"RT @BBCKarenAllen: #afghanistan awaiting prelim results of Presidential runoff - results which Abdullah has vowed to reject. People ""holdin?","<a href=""https://about.twitter.com/products/tweetdeck"" rel=""nofollow"">TweetDeck</a>",false,,,,742143,,,,,,,,,,,71,0,afghanistan,,,,,,,,,BBCKarenAllen,Karen Allen,205257492,false,false,,en
Mon Jul 07 04:37:00 +0000 2014,486005942044336128,RT @BBCNewsAsia: Why are #India starting as cricket underdogs against England? http://t.co/R88eTLGvqL http://t.co/LR1U1GnhRh,"<a href=""https://about.twitter.com/products/tweetdeck"" rel=""nofollow"">TweetDeck</a>",false,,,,742143,,,,,,,,,,,56,0,India,,http://t.co/R88eTLGvqL,http://bbc.in/1vPyrXc,101,124,http://pbs.twimg.com/media/Br6BwMUCEAAC6B-.jpg,http://t.co/LR1U1GnhRh,photo,BBCNewsAsia,BBC News Asia,1642135962,false,false,false,en
Mon Jul 07 04:31:01 +0000 2014,486004433466445824,RT @SallyBundockBBC: Morning. The World Gold Council meets to discuss price fixing. Plus we focus on @George_Osborne in #India &amp; #tourdefra?,"<a href=""https://about.twitter.com/products/tweetdeck"" rel=""nofollow"">TweetDeck</a>",false,,,,742143,,,,,,,,,,,35,0,tourdefrance,,,,,,,,,George_Osborne,George Osborne,1225696320,false,false,,en
Mon Jul 07 03:36:27 +0000 2014,485990703609413632,RT @BBCNewsAsia: Merkel visit: Trade issues top China talks agenda http://t.co/briSBUBEI2 http://t.co/iPk35ZcZx2,"<a href=""https://about.twitter.com/products/tweetdeck"" rel=""nofollow"">TweetDeck</a>",false,,,,742143,,,,,,,,,,,97,0,,,http://t.co/briSBUBEI2,http://bbc.in/1kuvO7W,89,112,http://pbs.twimg.com/media/Br6UNUkCYAERB8l.jpg,http://t.co/iPk35ZcZx2,photo,BBCNewsAsia,BBC News Asia,1642135962,false,false,false,en
Mon Jul 07 03:15:22 +0000 2014,485985398041346048,"RT @bbcworldservice: BBC corr on Iraqi frontline has exclusive access to Shia militia Asaib?Ahl?al?Haq, fighting advance of ISIS @BowenBBC ?","<a href=""https://about.twitter.com/products/tweetdeck"" rel=""nofollow"">TweetDeck</a>",false,,,,742143,,,,,,,,,,,61,0,,,http://t.co/0co6eOeZQf,http://bbc.in/1moHyNp,140,,,,,BowenBBC,Jeremy Bowen,42501345,false,false,false,en
Mon Jul 07 03:11:48 +0000 2014,485984498874875904,RT @BBCNewsAsia: Got a question about #Indonesia's presidential election? We tell you what you need to know: http://t.co/UVdUuAgdCB http://?,"<a href=""https://about.twitter.com/products/tweetdeck"" rel=""nofollow"">TweetDeck</a>",false,,,,742143,,,,,,,,,,,109,0,Indonesia,,http://t.co/UVdUuAgdCB,http://bbc.in/1n6rwZ1,131,140,http://pbs.twimg.com/media/Br6A0JCCcAAqHes.jpg,http://t.co/lpOkB4zQJF,photo,BBCNewsAsia,BBC News Asia,1642135962,false,false,false,en
Mon Jul 07 03:09:37 +0000 2014,485983948825452544,RT @BBCNewsAsia: What are #RamadanProblems? @BBCTrending explains: http://t.co/7bZXwG7qNf http://t.co/bYmT9QQ9JA,"<a href=""https://about.twitter.com/products/tweetdeck"" rel=""nofollow"">TweetDeck</a>",false,,,,742143,,,,,,,,,,,347,0,RamadanProblems,,http://t.co/7bZXwG7qNf,http://bbc.in/1vPxUEI,89,112,http://pbs.twimg.com/media/Br6BE86CcAEAdEa.jpg,http://t.co/bYmT9QQ9JA,photo,BBCtrending,BBC Trending,1562935142,false,false,false,en
Mon Jul 07 02:05:32 +0000 2014,485967822980669441,RT @BBCNewsAsia: Meet the men vying to become #Indonesia's next leader: http://t.co/m90DXSZAGm http://t.co/altQ1msHPY,"<a href=""https://about.twitter.com/products/tweetdeck"" rel=""nofollow"">TweetDeck</a>",false,,,,742143,,,,,,,,,,,130,0,Indonesia,,http://t.co/m90DXSZAGm,http://bbc.in/1moyjg4,94,117,http://pbs.twimg.com/media/Br6ApGgCAAEeTMc.jpg,http://t.co/altQ1msHPY,photo,BBCNewsAsia,BBC News Asia,1642135962,false,false,false,en
Mon Jul 07 01:54:00 +0000 2014,485964922325852161,RT @BBCNewsAsia: #Australia acknowledges it returned 41 asylum seekers to Sri Lankan authorities at sea: http://t.co/sEB9yoMupn http://t.co?,"<a href=""https://about.twitter.com/products/tweetdeck"" rel=""nofollow"">TweetDeck</a>",false,,,,742143,,,,,,,,,,,128,0,Australia,,http://t.co/sEB9yoMupn,http://bbc.in/1mow0JT,127,140,http://pbs.twimg.com/media/Br59VGfCAAIgEek.jpg,http://t.co/u9iNxroqms,photo,BBCNewsAsia,BBC News Asia,1642135962,false,false,false,en
Mon Jul 07 00:43:06 +0000 2014,485947076543799296,"El Salvador's @sanchezceren opens his presidential residence as an art gallery
http://t.co/CNCMxRB5a0 http://t.co/wKVATtBA5G","<a href=""http://www.socialflow.com"" rel=""nofollow"">SocialFlow</a>",false,,,,742143,,,,,,,,,,,207,114,,,http://t.co/CNCMxRB5a0,http://bbc.in/1n6jzmR,101,124,http://pbs.twimg.com/media/Br5uSo9IIAE9Dxr.jpg,http://t.co/wKVATtBA5G,photo,sanchezceren,Salvador S?nchez C.,148776931,false,false,false,en
Mon Jul 07 00:30:06 +0000 2014,485943805603241984,"Israeli air strikes on the Gaza Strip have killed six people
http://t.co/4VyWgwLdzj","<a href=""http://www.socialflow.com"" rel=""nofollow"">SocialFlow</a>",false,,,,742143,,,,,,,,,,,256,58,,,http://t.co/4VyWgwLdzj,http://bbc.in/1qC8T0p,83,,,,,,,,false,false,false,en
Sun Jul 06 23:56:08 +0000 2014,485935258777710592,RT @BBCBreaking: Palestinian armed group Hamas says Israeli air strike killed six militants - Israeli forces confirm they carried out attac?,"<a href=""https://about.twitter.com/products/tweetdeck"" rel=""nofollow"">TweetDeck</a>",false,,,,742143,,,,,,,,,,,368,0,,,,,,,,,,BBCBreaking,BBC Breaking News,5402612,false,false,,en
Sun Jul 06 23:19:07 +0000 2014,485925942628712449,"Sniff of success: The perfume firm selling smells online
http://t.co/4AKdapR4eb http://t.co/Vp4NKd35gK","<a href=""http://www.socialflow.com"" rel=""nofollow"">SocialFlow</a>",false,,,,742143,,,,,,,,,,,115,101,,,http://t.co/4AKdapR4eb,http://bbc.in/1q9BMPe,79,102,http://pbs.twimg.com/media/Br5bEfVIUAADpiT.jpg,http://t.co/Vp4NKd35gK,photo,,,,false,false,false,en
Sun Jul 06 21:37:04 +0000 2014,485900259894525952,"Monday's International New York Times: ""Police arrest Israelis in killing of Palestinian"" #BBCPapers via @suttonnick http://t.co/JDs9XefGLj","<a href=""http://www.socialflow.com"" rel=""nofollow"">SocialFlow</a>",false,,,,742143,,,,,,,,,,,141,73,BBCPapers,,,,,139,http://pbs.twimg.com/media/Br5Cg0KCAAIOefM.jpg,http://t.co/JDs9XefGLj,photo,suttonnick,Nick Sutton,21910500,false,false,false,en
Sun Jul 06 21:29:06 +0000 2014,485898256720068608,"RT @BBCNewshour: Israel arrests 6 in teen's death, Juan Cole on ISIS, Djokovic beats Federer in thriller http://t.co/kuokT954V4","<a href=""https://about.twitter.com/products/tweetdeck"" rel=""nofollow"">TweetDeck</a>",false,,,,742143,,,,,,,,,,,64,45,,,http://t.co/kuokT954V4,http://bbc.in/1ktLyrO,127,,,,,BBCNewshour,BBC Newshour,30835585,false,false,false,en
Sun Jul 06 20:15:08 +0000 2014,485879643065843712,Raikkonen 'OK' after 150mph crash http://t.co/VWBVgPFd9D,"<a href=""http://www.bbc.co.uk/news/"" rel=""nofollow"">BBC News</a>",false,,,,742143,,,,,,,,,,,107,91,,,http://t.co/VWBVgPFd9D,http://bbc.in/1ocoY8e,56,,,,,,,,false,false,false,da
Sun Jul 06 19:39:52 +0000 2014,485870768572882945,VIDEO: Ukraine rebels in 'tactical retreat' http://t.co/ZnipWjdg7n,"<a href=""http://www.bbc.co.uk/news/"" rel=""nofollow"">BBC News</a>",false,,,,742143,,,,,,,,,,,61,38,,,http://t.co/ZnipWjdg7n,http://bbc.in/1ocm4jZ,66,,,,,,,,false,false,false,en
Sun Jul 06 19:26:39 +0000 2014,485867439255982080,US airport checks target electronics http://t.co/1lLJ2QlmKE,"<a href=""http://www.bbc.co.uk/news/"" rel=""nofollow"">BBC News</a>",false,,,,742143,,,,,,,,,,,101,33,,,http://t.co/1lLJ2QlmKE,http://bbc.in/1mxMW29,59,,,,,,,,false,false,false,en
Sun Jul 06 18:49:03 +0000 2014,485857976297992193,Spanish firm admits false accounts http://t.co/nz0Mmm1UDY,"<a href=""http://www.bbc.co.uk/news/"" rel=""nofollow"">BBC News</a>",false,,,,742143,,,,,,,,,,,90,35,,,http://t.co/nz0Mmm1UDY,http://bbc.in/1ocdNfP,57,,,,,,,,false,false,false,en
Sun Jul 06 18:47:03 +0000 2014,485857475506495488,Grande tops first combined chart http://t.co/w2EZ4P0cz2,"<a href=""http://www.bbc.co.uk/news/"" rel=""nofollow"">BBC News</a>",false,,,,742143,,,,,,,,,,,27,24,,,http://t.co/w2EZ4P0cz2,http://bbc.in/1occCNu,55,,,,,,,,false,false,false,en
Sun Jul 06 17:16:13 +0000 2014,485834617531162624,"RT @BBCSport: A tearful Novak Djokovic: ""I want to congratulate Roger. it was a great match to be part of.  Thank you for letting me win to?","<a href=""https://about.twitter.com/products/tweetdeck"" rel=""nofollow"">TweetDeck</a>",false,,,,742143,,,,,,,,,,,2430,0,bbctennis,,,,,,,,,BBCSport,BBC Sport,265902729,false,false,,en
Sun Jul 06 17:07:15 +0000 2014,485832358315454464,"The cardboard kit that could turn your phone into a virtual reality headset 
http://t.co/50Ps3YxRjc http://t.co/c03kFuknKt","<a href=""http://www.socialflow.com"" rel=""nofollow"">SocialFlow</a>",false,,,,742143,,,,,,,,,,,290,236,,,http://t.co/50Ps3YxRjc,http://bbc.in/1rqg4dv,99,122,http://pbs.twimg.com/media/Br4F9HmIYAA7ySc.jpg,http://t.co/c03kFuknKt,photo,,,,false,false,false,en
Sun Jul 06 16:38:14 +0000 2014,485825058557165568,#Pistorius lawyers condemn airing of leaked video showing athlete re-enacting shooting http://t.co/TLZN1FAlH8 http://t.co/1Y76PWYo8T,"<a href=""http://www.socialflow.com"" rel=""nofollow"">SocialFlow</a>",false,,,,742143,,,,,,,,,,,126,83,Pistorius,,http://t.co/TLZN1FAlH8,http://bbc.in/1n5rcdc,109,132,http://pbs.twimg.com/media/Br3_UQhIYAEdmjW.jpg,http://t.co/1Y76PWYo8T,photo,,,,false,false,false,en
Sun Jul 06 16:24:19 +0000 2014,485821554165829633,RT @BBCSport: Roger Federer takes the 4th set 7-5. Decider. @BBCOne @bbc5live http://t.co/ec5UxT6hiF #FederervsDjokovic #bbctennis http://t?,"<a href=""https://about.twitter.com/products/tweetdeck"" rel=""nofollow"">TweetDeck</a>",false,,,,742143,,,,,,,,,,,1206,0,bbctennis,,http://t.co/ec5UxT6hiF,http://bbc.in/1q7Kn51,100,140,http://pbs.twimg.com/media/Br37_rsCEAAaGY9.jpg,http://t.co/ejF3rWqGaw,photo,bbc5live,BBC Radio 5 live,7589572,false,false,false,da
Sun Jul 06 15:34:26 +0000 2014,485808999837995009,RT @BBCSport: Novak Djokovic takes the 3rd set-tie break 7-4 to go 2-1 up http://t.co/ec5UxT6hiF #FederervsDjokovic #bbctennis http://t.co/?,"<a href=""https://about.twitter.com/products/tweetdeck"" rel=""nofollow"">TweetDeck</a>",false,,,,742143,,,,,,,,,,,451,0,bbctennis,,http://t.co/ec5UxT6hiF,http://bbc.in/1q7Kn51,96,140,http://pbs.twimg.com/media/Br3wnflCYAA1igO.jpg,http://t.co/GgQUgnF0fy,photo,BBCSport,BBC Sport,265902729,false,false,false,en
Sun Jul 06 15:27:51 +0000 2014,485807342894981121,RT @BBCSport: Italy's Vincenzo Nibali wins Stage 2 of @letour to secure overall lead of race http://t.co/HHPc8w8yYw #bbccycling,"<a href=""https://about.twitter.com/products/tweetdeck"" rel=""nofollow"">TweetDeck</a>",false,,,,742143,,,,,,,,,,,118,0,bbccycling,,http://t.co/HHPc8w8yYw,http://bbc.in/1pRJwcW,115,,,,,letour,Le Tour de France,153403071,false,false,false,en
Sun Jul 06 15:07:00 +0000 2014,485802098651852800,Are white supremacists in the US given too much freedom to hate?  http://t.co/oi33C3bsN8 http://t.co/TL8QcfadFB,"<a href=""http://www.socialflow.com"" rel=""nofollow"">SocialFlow</a>",false,,,,742143,,,,,,,,,,,378,196,,,http://t.co/oi33C3bsN8,http://bbc.in/1mcVtpA,88,111,http://pbs.twimg.com/media/Br3qb0TIcAAajSV.jpg,http://t.co/TL8QcfadFB,photo,,,,false,false,false,en
Sun Jul 06 14:45:20 +0000 2014,485796643405848578,"RT @BBCSport: Djokovic powers back, taking the 2nd set 6-4 @BBCOne @bbc5live http://t.co/ec5UxT6hiF #FederervsDjokovic #bctennis http://t.c?","<a href=""https://about.twitter.com/products/tweetdeck"" rel=""nofollow"">TweetDeck</a>",false,,,,742143,,,,,,,,,,,380,0,bctennis,,http://t.co/ec5UxT6hiF,http://bbc.in/1q7Kn51,99,140,http://pbs.twimg.com/media/Br3lWDjCYAIWX_j.jpg,http://t.co/rDjiGkfO30,photo,bbc5live,BBC Radio 5 live,7589572,false,false,false,en
Sun Jul 06 13:49:33 +0000 2014,485782607171686400,".@OceansAcoustic rose from humble beginnings to challenge Mexico's current music scene
http://t.co/k44Jb5ByBv http://t.co/ymF3LQA1Lr","<a href=""http://www.socialflow.com"" rel=""nofollow"">SocialFlow</a>",false,,,,742143,,,,,,,,,,,91,113,,,http://t.co/k44Jb5ByBv,http://bbc.in/1m4Ep5Q,109,132,http://pbs.twimg.com/media/Br3YtQ6IAAEuCMn.jpg,http://t.co/ymF3LQA1Lr,photo,OceansAcoustic,Ocean's Acoustic,221460947,false,false,false,en
Sun Jul 06 13:05:09 +0000 2014,485771431201214465,Appetising apps - the young entrepreneurs using technology to stop food going to waste http://t.co/Z4jtGcvxpe http://t.co/kIVnJwCHyy,"<a href=""http://www.socialflow.com"" rel=""nofollow"">SocialFlow</a>",false,,,,742143,,,,,,,,,,,224,189,,,http://t.co/Z4jtGcvxpe,http://bbc.in/1vCO8ky,109,132,http://pbs.twimg.com/media/Br3OivRIcAACxwy.jpg,http://t.co/kIVnJwCHyy,photo,,,,false,false,false,en
Sun Jul 06 11:15:01 +0000 2014,485743718667137025,"""This club is unique in Iraq"" - Arabs, Kurds and Turkmen all playing football together
http://t.co/2BNDjIRCtV http://t.co/hXFJNXErsN","<a href=""http://www.socialflow.com"" rel=""nofollow"">SocialFlow</a>",false,,,,742143,,,,,,,,,,,353,252,,,http://t.co/2BNDjIRCtV,http://bbc.in/1rAKZnC,109,132,http://pbs.twimg.com/media/Br21VqAIIAEyCYd.jpg,http://t.co/hXFJNXErsN,photo,,,,false,false,false,en
Sun Jul 06 11:04:10 +0000 2014,485740986187120640,"RT @BBCBreaking: Israeli police have arrested six suspects over the murder of a Palestinian teenager, Israeli media report http://t.co/O0RD?","<a href=""https://about.twitter.com/products/tweetdeck"" rel=""nofollow"">TweetDeck</a>",false,,,,742143,,,,,,,,,,,428,0,,,http://t.co/O0RDc2mVGs,http://bbc.in/1obCY24,140,,,,,BBCBreaking,BBC Breaking News,5402612,false,false,false,en
Sun Jul 06 10:14:55 +0000 2014,485728593755254784,"RT @BBCBreaking: At least 29 people killed in two attacks in Kenya's coastal region, interior ministry says http://t.co/A8gUUV6SYv http://t?","<a href=""https://about.twitter.com/products/tweetdeck"" rel=""nofollow"">TweetDeck</a>",false,,,,742143,,,,,,,,,,,340,0,,,http://t.co/A8gUUV6SYv,http://bbc.in/1oaJIgx,130,140,http://pbs.twimg.com/media/Br2ng8ICQAAH-3r.jpg,http://t.co/1iTARBfOlq,photo,BBCBreaking,BBC Breaking News,5402612,false,false,false,en
Sun Jul 06 10:03:22 +0000 2014,485725685080928256,"Bodies brought ashore: @AlanJohnstonBBC on Italy's latest African migrants tragedy 
http://t.co/Ezyd29uWyN http://t.co/ingiAnUVF6","<a href=""http://www.socialflow.com"" rel=""nofollow"">SocialFlow</a>",false,,,,742143,,,,,,,,,,,173,64,,,http://t.co/Ezyd29uWyN,http://bbc.in/1qJQIra,106,129,http://pbs.twimg.com/media/Br2k79qIQAAvCpm.jpg,http://t.co/ingiAnUVF6,photo,AlanJohnstonBBC,Alan Johnston,1182810494,false,false,false,en
Sun Jul 06 09:57:11 +0000 2014,485724127651954688,"RT @bbcworldservice: Since October, 52,000 unaccompanied minors have been caught trying to enter the US illegally. Why so many? http://t.co?","<a href=""https://about.twitter.com/products/tweetdeck"" rel=""nofollow"">TweetDeck</a>",false,,,,742143,,,,,,,,,,,100,0,,,http://t.co/pX4Ezs4YCS,http://bbc.in/VmehJg,140,,,,,bbcworldservice,BBC World Service,786764,false,false,false,en
Sun Jul 06 08:49:55 +0000 2014,485707200850309120,RT @BBCKarenAllen: Nat Security Council rejects calls to ban Facebook in #Afghanistan. @AdelaRaz spox said president Karzai urged youth to ?,"<a href=""https://about.twitter.com/products/tweetdeck"" rel=""nofollow"">TweetDeck</a>",false,,,,742143,,,,,,,,,,,72,0,Afghanistan,,,,,,,,,AdelaRaz,Adela Raz,1125473208,false,false,,en
Sun Jul 06 08:48:10 +0000 2014,485706762516176897,"RT @BBCOS: AUDIO: #Ebola crisis - fear, exorcisms, and slow response http://t.co/THrSWJuORb http://t.co/f4hJ7KgrC2","<a href=""https://about.twitter.com/products/tweetdeck"" rel=""nofollow"">TweetDeck</a>",false,,,,742143,,,,,,,,,,,153,0,Ebola,,http://t.co/THrSWJuORb,http://bbc.in/1mfrzRE,91,114,http://pbs.twimg.com/media/Br2SkMHIMAA9ug6.jpg,http://t.co/f4hJ7KgrC2,photo,BBCOS,BBC Outside Source,2190056023,false,false,false,es
Sun Jul 06 06:57:42 +0000 2014,485678962396639232,"Which of these men will lead the world's largest Muslim nation?
http://t.co/FvDBcYP2dp http://t.co/FUvWUWg1jT","<a href=""http://www.socialflow.com"" rel=""nofollow"">SocialFlow</a>",false,,,,742143,,,,,,,,,,,499,141,,,http://t.co/FvDBcYP2dp,http://bbc.in/1qJQujL,86,109,http://pbs.twimg.com/media/Br16cWIIQAAsyNH.jpg,http://t.co/FUvWUWg1jT,photo,,,,false,false,false,en
Sun Jul 06 06:41:09 +0000 2014,485674798090301440,RT @BowenBBC: Got this when tried to find twitter without VPN. Didn't Bush and Blair talk about legacy of freedom? http://t.co/L86b0emOJP,"<a href=""https://about.twitter.com/products/tweetdeck"" rel=""nofollow"">TweetDeck</a>",false,,,,742143,,,,,,,,,,,496,0,,,,,,137,http://pbs.twimg.com/media/Br11YE9IQAAQFap.jpg,http://t.co/L86b0emOJP,photo,BowenBBC,Jeremy Bowen,42501345,false,false,false,en
Sun Jul 06 05:32:35 +0000 2014,485657539364016129,"RT @BBCBreaking: Gunmen kill 13 people in two attacks in coastal region, Kenya Red Cross says 
http://t.co/A8gUUV6SYv","<a href=""https://about.twitter.com/products/tweetdeck"" rel=""nofollow"">TweetDeck</a>",false,,,,742143,,,,,,,,,,,359,0,,,http://t.co/A8gUUV6SYv,http://bbc.in/1oaJIgx,117,,,,,BBCBreaking,BBC Breaking News,5402612,false,false,false,en
Sun Jul 06 04:54:06 +0000 2014,485647857652076544,Sir @PaulMcCartney resumes concert tour after virus forced him to take nearly two months off http://t.co/rEDysakryY http://t.co/DdysciySxa,"<a href=""http://www.socialflow.com"" rel=""nofollow"">SocialFlow</a>",false,,,,742143,,,,,,,,,,,300,267,,,http://t.co/rEDysakryY,http://bbc.in/1qK7t5t,115,138,http://pbs.twimg.com/media/Br1eJyJIAAMB88W.jpg,http://t.co/DdysciySxa,photo,PaulMcCartney,Paul McCartney,74712538,false,false,false,en
Sun Jul 06 04:36:07 +0000 2014,485643329288564736,"Chancellor in Chengdu: Germany's Angela Merkel tries to open up new markets
http://t.co/qUSDayicvi http://t.co/geIYrjNWMg","<a href=""http://www.socialflow.com"" rel=""nofollow"">SocialFlow</a>",false,,,,742143,,,,,,,,,,,165,94,,,http://t.co/qUSDayicvi,http://bbc.in/1zgV1MX,98,121,http://pbs.twimg.com/media/Br1aCOiIgAAvTS8.jpg,http://t.co/geIYrjNWMg,photo,,,,false,false,false,en
Sun Jul 06 03:50:01 +0000 2014,485631730230239232,"More than 200,000 homes and businesses without power in Canada after battering from remnants of Hurricane Arthur http://t.co/hREe163kCp","<a href=""http://www.socialflow.com"" rel=""nofollow"">SocialFlow</a>",false,,,,742143,,,,,,,,,,,163,53,,,http://t.co/hREe163kCp,http://bbc.in/1qK0Sbd,135,,,,,,,,false,false,false,en
Sun Jul 06 03:24:57 +0000 2014,485625421405638657,"RT @bbcworldservice: The trick to launching satellites? ""Avoid any space debris."" http://t.co/WTVmCHlEep","<a href=""https://about.twitter.com/products/tweetdeck"" rel=""nofollow"">TweetDeck</a>",false,,,,742143,,,,,,,,,,,59,0,,,http://t.co/WTVmCHlEep,http://bbc.in/1oueuE8,104,,,,,bbcworldservice,BBC World Service,786764,false,false,false,en
Sun Jul 06 02:26:51 +0000 2014,485610799776690176,RT @RichTaylorBBC: BBC News - Dropbox founder Drew Houston explains his success http://t.co/u1ZPTd9YIe,"<a href=""https://about.twitter.com/products/tweetdeck"" rel=""nofollow"">TweetDeck</a>",false,,,,742143,,,,,,,,,,,84,0,,,http://t.co/u1ZPTd9YIe,http://www.bbc.co.uk/news/business-27790170,102,,,,,RichTaylorBBC,Richard Taylor,19707850,false,false,false,en
Sun Jul 06 01:49:36 +0000 2014,485601423972110336,VIDEO: Eleven killed in Poland plane crash http://t.co/lSY3bWz7vo,"<a href=""http://www.bbc.co.uk/news/"" rel=""nofollow"">BBC News</a>",false,,,,742143,,,,,,,,,,,92,36,,,http://t.co/lSY3bWz7vo,http://bbc.in/TKSREn,65,,,,,,,,false,false,false,da
Sun Jul 06 01:47:36 +0000 2014,485600922090098689,VIDEO: Israeli police 'filmed beating teen' http://t.co/Svz8BR2x2F,"<a href=""http://www.bbc.co.uk/news/"" rel=""nofollow"">BBC News</a>",false,,,,742143,,,,,,,,,,,268,75,,,http://t.co/Svz8BR2x2F,http://bbc.in/TKSOIL,66,,,,,,,,false,false,false,en
Sun Jul 06 01:14:27 +0000 2014,485592577870413824,US presses Israel on teen 'beating' http://t.co/7kEf4kymxA,"<a href=""http://www.bbc.co.uk/news/"" rel=""nofollow"">BBC News</a>",false,,,,742143,,,,,,,,,,,158,75,,,http://t.co/7kEf4kymxA,http://bbc.in/1n3SpNa,58,,,,,,,,false,false,false,en
Sat Jul 05 22:49:37 +0000 2014,485556129544826880,RT @BBCSport: #NED beat #CRC 4-3 on penalties to secure their place in the #WorldCup semi-finals. #NEDvsCRC http://t.co/xe1FvRgk28 http://t?,"<a href=""https://about.twitter.com/products/tweetdeck"" rel=""nofollow"">TweetDeck</a>",false,,,,742143,,,,,,,,,,,1538,0,NEDvsCRC,,http://t.co/xe1FvRgk28,http://bbc.in/1lIgKDp,130,140,http://pbs.twimg.com/media/Br0KpilIMAAqXOn.jpg,http://t.co/lQNPobIytj,photo,BBCSport,BBC Sport,265902729,false,false,false,en
Sat Jul 05 22:09:08 +0000 2014,485545942406660096,"Kenya police responding to reports of gunfire at trading centre near Lamu
http://t.co/3ipKiGmzEI","<a href=""http://www.socialflow.com"" rel=""nofollow"">SocialFlow</a>",false,,,,742143,,,,,,,,,,,105,28,,,http://t.co/3ipKiGmzEI,http://bbc.in/1qYFk8l,96,,,,,,,,false,false,false,en
Sat Jul 05 21:54:03 +0000 2014,485542146788036608,"RT @BBCSport: FT: #NED 0-0 #CRC. We are heading to extra-time in Salvador, mainly in part to Keylor Navas. http://t.co/rteS1QaakS http://t.?","<a href=""https://about.twitter.com/products/tweetdeck"" rel=""nofollow"">TweetDeck</a>",false,,,,742143,,,,,,,,,,,500,0,CRC,,http://t.co/rteS1QaakS,http://bbc.in/1kqg3Pp,129,140,http://pbs.twimg.com/media/Brz9qeuCUAEEfI5.jpg,http://t.co/g5YKSrGlZ1,photo,BBCSport,BBC Sport,265902729,false,false,false,en
Sat Jul 05 21:53:57 +0000 2014,485542120741421057,"RT @BBCBreaking: Shooting reported at Hindi near Kenya's Lamu island, scene of several attacks by Islamic militants this year http://t.co/0?","<a href=""https://about.twitter.com/products/tweetdeck"" rel=""nofollow"">TweetDeck</a>",false,,,,742143,,,,,,,,,,,250,0,,,http://t.co/0JnFSS6gEw,http://bbc.in/1zgow1B,140,,,,,BBCBreaking,BBC Breaking News,5402612,false,false,false,en
Sat Jul 05 21:24:02 +0000 2014,485534594838855681,"Watch a US helicopter crew pick up a stranded hiker clinging to the steep side of a mountain peak 
http://t.co/J5Xfl1Zj1z","<a href=""http://www.socialflow.com"" rel=""nofollow"">SocialFlow</a>",false,,,,742143,,,,,,,,,,,103,63,,,http://t.co/J5Xfl1Zj1z,http://bbc.in/1oaHnT0,121,,,,,,,,false,false,false,en
Sat Jul 05 20:51:00 +0000 2014,485526279060742144,RT @BBCSport: HT: #NED 0-0 #CRC. Wesley Sneijder having the best chance of giving #NED the lead. http://t.co/rteS1QaakS #WorldCup http://t.?,"<a href=""https://about.twitter.com/products/tweetdeck"" rel=""nofollow"">TweetDeck</a>",false,,,,742143,,,,,,,,,,,305,0,WorldCup,,http://t.co/rteS1QaakS,http://bbc.in/1kqg3Pp,119,140,http://pbs.twimg.com/media/BrzutgOIAAIFqGq.jpg,http://t.co/8LUAcyHxFk,photo,BBCSport,BBC Sport,265902729,false,false,false,en
Sat Jul 05 20:39:47 +0000 2014,485523458227712000,Injured Neymar says dream not over http://t.co/Gbcda5TX1E,"<a href=""http://www.bbc.co.uk/news/"" rel=""nofollow"">BBC News</a>",false,,,,742143,,,,,,,,,,,149,117,,,http://t.co/Gbcda5TX1E,http://bbc.in/1kqqDpw,57,,,,,,,,false,false,false,en
Sat Jul 05 20:01:35 +0000 2014,485513843700146176,Di Stefano in hospital after heart attack http://t.co/zeipUl5ywW,"<a href=""http://www.bbc.co.uk/news/"" rel=""nofollow"">BBC News</a>",false,,,,742143,,,,,,,,,,,98,51,,,http://t.co/zeipUl5ywW,http://bbc.in/1kqluh6,64,,,,,,,,false,false,false,en
Sat Jul 05 19:17:41 +0000 2014,485502798210281473,Zuniga apologises for Neymar injury http://t.co/kR2j4sNblh,"<a href=""http://www.bbc.co.uk/news/"" rel=""nofollow"">BBC News</a>",false,,,,742143,,,,,,,,,,,152,51,,,http://t.co/kR2j4sNblh,http://bbc.in/1pQA9Kt,58,,,,,,,,false,false,false,pt
Sat Jul 05 18:40:18 +0000 2014,485493386934493185,New review of MP abuse claims planned http://t.co/pxV0V2dJc0,"<a href=""http://www.bbc.co.uk/news/"" rel=""nofollow"">BBC News</a>",false,,,,742143,,,,,,,,,,,40,18,,,http://t.co/pxV0V2dJc0,http://bbc.in/1sdZwDb,60,,,,,,,,false,false,false,en
Sat Jul 05 18:23:35 +0000 2014,485489180697722880,Argentina 1-0 Belgium http://t.co/spVbrMgNLE,"<a href=""http://www.bbc.co.uk/news/"" rel=""nofollow"">BBC News</a>",false,,,,742143,,,,,,,,,,,83,68,,,http://t.co/spVbrMgNLE,http://bbc.in/TKkw8y,44,,,,,,,,false,false,false,it
Sat Jul 05 18:21:34 +0000 2014,485488675208593408,Strauss sorry for Pietersen remark http://t.co/1yOcUVmDhj,"<a href=""http://www.bbc.co.uk/news/"" rel=""nofollow"">BBC News</a>",false,,,,742143,,,,,,,,,,,38,28,,,http://t.co/1yOcUVmDhj,http://bbc.in/TKktcH,57,,,,,,,,false,false,false,de
Sat Jul 05 18:19:35 +0000 2014,485488174723244032,VIDEO: Car bomb targets Somali parliament http://t.co/JLS8FHk1ix,"<a href=""http://www.bbc.co.uk/news/"" rel=""nofollow"">BBC News</a>",false,,,,742143,,,,,,,,,,,60,18,,,http://t.co/JLS8FHk1ix,http://bbc.in/TKksWm,64,,,,,,,,false,false,false,en
Sat Jul 05 17:54:06 +0000 2014,485481759992471552,RT @BBCSport: FT: #ARG 1-0 #BEL. Gonzalo Higuain's strike enough to book #ARG a semi-final place. http://t.co/nzd21YLGgM #ARGBEL http://t.c?,"<a href=""https://about.twitter.com/products/tweetdeck"" rel=""nofollow"">TweetDeck</a>",false,,,,742143,,,,,,,,,,,1146,0,ARGBEL,,http://t.co/nzd21YLGgM,http://bbc.in/1qYg4iI,120,140,http://pbs.twimg.com/media/BrzG69ZCUAE1ui-.jpg,http://t.co/hxP5BzZ28G,photo,BBCSport,BBC Sport,265902729,false,false,false,en
Sat Jul 05 16:49:53 +0000 2014,485465600740040704,RT @BBCSport: HT: #ARG 1-0 #BEL. Gonzalo Higuain's strike enough to separate the sides at the break. http://t.co/njjlQG6mcO #ARGBEL http://?,"<a href=""https://about.twitter.com/products/tweetdeck"" rel=""nofollow"">TweetDeck</a>",false,,,,742143,,,,,,,,,,,520,0,ARGBEL,,http://t.co/njjlQG6mcO,http://bbc.in/1zfH1D9,123,140,http://pbs.twimg.com/media/Bry3-sPCMAIZBMY.jpg,http://t.co/gfUdmBL1hX,photo,BBCSport,BBC Sport,265902729,false,false,false,en
Sat Jul 05 16:38:56 +0000 2014,485462846575501312,The video drone that flies itself http://t.co/WPToPidUma,"<a href=""http://www.socialflow.com"" rel=""nofollow"">SocialFlow</a>",false,,,,742143,,,,,,,,,,,63,37,,,http://t.co/WPToPidUma,http://bbc.in/1owBMt4,56,,,,,,,,false,false,false,en
Sat Jul 05 15:48:20 +0000 2014,485450113289293824,RT @BBCSport: Marcel Kittel sprints to victory on Stage One of @letour in Harrogate to claim leader's yellow jersey http://t.co/h3fwvbVp6D ?,"<a href=""https://about.twitter.com/products/tweetdeck"" rel=""nofollow"">TweetDeck</a>",false,,,,742143,,,,,,,,,,,318,0,bbccycling,,http://t.co/h3fwvbVp6D,http://bbc.in/1qHDtag,138,,,,,letour,Le Tour de France,153403071,false,false,false,en
Sat Jul 05 15:19:33 +0000 2014,485442867985649664,RT @BBCSport: Coming up at the #WorldCup this evening: #ARG vs #BEL and #NED vs #CRC. Coverage @BBCSport http://t.co/tI437DQR34 http://t.co?,"<a href=""https://about.twitter.com/products/tweetdeck"" rel=""nofollow"">TweetDeck</a>",false,,,,742143,,,,,,,,,,,322,0,CRC,,http://t.co/tI437DQR34,http://bbc.in/1o8Tk0y,127,140,http://pbs.twimg.com/media/Bryiu7QIIAA9pKt.jpg,http://t.co/Qxlg3b2EZd,photo,BBCSport,BBC Sport,265902729,false,false,false,en
Sat Jul 05 14:53:13 +0000 2014,485436242734350338,"Poles have often felt their crucial role in breaking Enigma has been overlooked
http://t.co/FUnalP0PXy http://t.co/wMhjK59Ee6","<a href=""http://www.socialflow.com"" rel=""nofollow"">SocialFlow</a>",false,,,,742143,,,,,,,,,,,370,227,,,http://t.co/FUnalP0PXy,http://bbc.in/1ko0UxT,102,125,http://pbs.twimg.com/media/BrydsM2IEAAQLeC.jpg,http://t.co/wMhjK59Ee6,photo,,,,false,false,false,en
Sat Jul 05 14:22:37 +0000 2014,485428540989771778,RT @BBCBreaking: Leader of Islamist militant group Isis orders Muslims to obey him in first video sermon http://t.co/AoPzl0O1yt,"<a href=""https://about.twitter.com/products/tweetdeck"" rel=""nofollow"">TweetDeck</a>",false,,,,742143,,,,,,,,,,,308,0,,,http://t.co/AoPzl0O1yt,http://bbc.in/1sdWGOF,127,,,,,BBCBreaking,BBC Breaking News,5402612,false,false,false,en
Sat Jul 05 12:19:51 +0000 2014,485397644853125120,"It looks like fun but swimming in this river can be bad for your health, say doctors 
http://t.co/t4R5auz4sQ http://t.co/Rtb9JMFzgn","<a href=""http://www.socialflow.com"" rel=""nofollow"">SocialFlow</a>",false,,,,742143,,,,,,,,,,,190,124,,,http://t.co/t4R5auz4sQ,http://bbc.in/1j1n0Lu,108,131,http://pbs.twimg.com/media/Brx6lgqIIAAiA2m.jpg,http://t.co/Rtb9JMFzgn,photo,,,,false,false,false,en
Sat Jul 05 11:51:46 +0000 2014,485390576544927744,"RT @BBCBreaking: Ukraine forces raise flag in eastern city of Sloviansk after pro-Russian rebels flee main stronghold, officials say http:/?","<a href=""https://about.twitter.com/products/tweetdeck"" rel=""nofollow"">TweetDeck</a>",false,,,,742143,,,,,,,,,,,258,0,,,http://t.co/0jdzWVxhCJ,http://bbc.in/1mtXKOT,140,,,,,BBCBreaking,BBC Breaking News,5402612,false,false,false,en
Sat Jul 05 11:05:57 +0000 2014,485379047208534016,"Suicide car bomb kills at least four people near #Somalia's parliament, police say http://t.co/o0vdOeamYF http://t.co/uNGFfFRWb1","<a href=""http://www.socialflow.com"" rel=""nofollow"">SocialFlow</a>",false,,,,742143,,,,,,,,,,,158,71,Somalia,,http://t.co/o0vdOeamYF,http://bbc.in/1kp5Out,105,128,http://pbs.twimg.com/media/Brxpq_BIcAAMtSE.jpg,http://t.co/uNGFfFRWb1,photo,,,,false,false,false,en
Sat Jul 05 10:39:32 +0000 2014,485372398355873792,RT @BBCtrending: LISTEN: What are your #Ramadanproblems? @MurtzMurtz from @BBCAsianNetwork tells us about Ramadan online http://t.co/igrDzC?,"<a href=""https://about.twitter.com/products/tweetdeck"" rel=""nofollow"">TweetDeck</a>",false,,,,742143,,,,,,,,,,,38,0,Ramadanproblems,,http://t.co/igrDzCmWHc,http://bbc.in/1qFwVcg,140,,,,,bbcasiannetwork,BBC Asian Network,43404267,false,false,false,en
Sat Jul 05 10:35:40 +0000 2014,485371427949150208,60 years of BBC TV news in 60 seconds http://t.co/vm2VPquory http://t.co/X32cbJOanM,"<a href=""http://www.socialflow.com"" rel=""nofollow"">SocialFlow</a>",false,,,,742143,,,,,,,,,,,262,210,,,http://t.co/vm2VPquory,http://bbc.in/1j7V5Kt,60,83,http://pbs.twimg.com/media/BrxivfJIYAAQxdU.jpg,http://t.co/X32cbJOanM,photo,,,,false,false,false,en
Sat Jul 05 10:10:18 +0000 2014,485365041357946880,RT @BBCRadioCA: Not just #Isis: Who are the other Sunni groups fighting with the jihadists in Iraq? Read: http://t.co/VC4b07NXxz,"<a href=""https://about.twitter.com/products/tweetdeck"" rel=""nofollow"">TweetDeck</a>",false,,,,742143,,,,,,,,,,,77,0,Isis,,http://t.co/VC4b07NXxz,http://bbc.in/1zfmMFJ,128,,,,,BBCRadioCA,BBCCurrentAffairs,296185379,false,false,false,en
Sat Jul 05 09:54:42 +0000 2014,485361115900444672,"RT @BBCBreaking: Pro-Russian rebels abandon stronghold at Sloviansk in eastern #Ukraine, reports say http://t.co/dAujK10U8j","<a href=""https://about.twitter.com/products/tweetdeck"" rel=""nofollow"">TweetDeck</a>",false,,,,742143,,,,,,,,,,,153,0,Ukraine,,http://t.co/dAujK10U8j,http://bbc.in/1t855Yc,123,,,,,BBCBreaking,BBC Breaking News,5402612,false,false,false,en
Sat Jul 05 08:45:01 +0000 2014,485343580291338241,"RT @BBCBreaking: Car bomb explodes near parliament building in #Somalia's capital Mogadishu, police say","<a href=""https://about.twitter.com/products/tweetdeck"" rel=""nofollow"">TweetDeck</a>",false,,,,742143,,,,,,,,,,,207,0,Somalia,,,,,,,,,BBCBreaking,BBC Breaking News,5402612,false,false,,en
Sat Jul 05 08:32:54 +0000 2014,485340532051542016,The orphaned baby rhino with an unusual surrogate mother http://t.co/sPFo6YrCMe http://t.co/OLvlEMhTEh,"<a href=""http://www.socialflow.com"" rel=""nofollow"">SocialFlow</a>",false,,,,742143,,,,,,,,,,,473,445,,,http://t.co/sPFo6YrCMe,http://bbc.in/1m22Mkt,79,102,http://pbs.twimg.com/media/BrxGpG6IcAAjDDL.jpg,http://t.co/OLvlEMhTEh,photo,,,,false,false,false,en
Sat Jul 05 08:20:22 +0000 2014,485337377893007360,"RT @BBCAfrica: #Africa's week in #pictures: Video games, date shopping and adopting a lion cub   http://t.co/LSx1c8gmML http://t.co/s0CD1NT?","<a href=""https://about.twitter.com/products/tweetdeck"" rel=""nofollow"">TweetDeck</a>",false,,,,742143,,,,,,,,,,,69,0,pictures,,http://t.co/LSx1c8gmML,http://www.bbc.com/news/world-africa-28144467,119,140,http://pbs.twimg.com/media/BrxDdhhIAAAyv3E.jpg,http://t.co/s0CD1NTypD,photo,BBCAfrica,BBC Africa,36670025,false,false,false,en
Sat Jul 05 07:54:43 +0000 2014,485330922729132032,"RT @BBCr4today: Earth (bottom right) from nearly a billion miles away, taken from the 10-year-old Cassini probe orbiting Saturn http://t.co?","<a href=""https://about.twitter.com/products/tweetdeck"" rel=""nofollow"">TweetDeck</a>",false,,,,742143,,,,,,,,,,,1454,0,,,,,,140,http://pbs.twimg.com/media/Brw9g4nCQAAcMta.jpg,http://t.co/gf90rRlEYG,photo,BBCr4today,BBC Radio 4 Today,8170292,false,false,false,en
Sat Jul 05 07:21:53 +0000 2014,485322661242085376,RT @bbcworldservice: The critical moment in 2006 when Sunni tribal militia turned on al-Qaeda in Iraq http://t.co/2uWXtOSoil http://t.co/D2?,"<a href=""https://about.twitter.com/products/tweetdeck"" rel=""nofollow"">TweetDeck</a>",false,,,,742143,,,,,,,,,,,101,0,,,http://t.co/2uWXtOSoil,http://bbc.in/1km49Ww,124,140,http://pbs.twimg.com/media/Brw1lbeIYAALqgS.jpg,http://t.co/D2Wb7RKubn,photo,bbcworldservice,BBC World Service,786764,false,false,false,en
Sat Jul 05 06:51:44 +0000 2014,485315070956937216,RT @BBCBreaking: Separatists in eastern Ukraine deny reports they have fled the rebel stronghold of Sloviansk http://t.co/BBQYn6nvkO,"<a href=""https://about.twitter.com/products/tweetdeck"" rel=""nofollow"">TweetDeck</a>",false,,,,742143,,,,,,,,,,,177,0,,,http://t.co/BBQYn6nvkO,http://bbc.in/1qxi1mQ,132,,,,,BBCBreaking,BBC Breaking News,5402612,false,false,false,en
Sat Jul 05 06:27:06 +0000 2014,485308871805009920,"RT @bbcworldservice: ""The solution to poverty is not to go after the rich"" - economic historian @DeirdreMcClosk http://t.co/RksrhAlvXw http?","<a href=""https://about.twitter.com/products/tweetdeck"" rel=""nofollow"">TweetDeck</a>",false,,,,742143,,,,,,,,,,,257,0,,,http://t.co/RksrhAlvXw,http://bbc.in/1mr3LvR,134,140,http://pbs.twimg.com/media/Brwo6-uIUAA-er3.jpg,http://t.co/GdbVbGnU6J,photo,DeirdreMcClosk,Deirdre N McCloskey,1022874578,false,false,false,en
Sat Jul 05 05:24:38 +0000 2014,485293153793347584,RT @bbcworldservice: Will the current generation of children have a shorter life-span than their parents? http://t.co/Qav4CYFNAD http://t.c?,"<a href=""https://about.twitter.com/products/tweetdeck"" rel=""nofollow"">TweetDeck</a>",false,,,,742143,,,,,,,,,,,259,0,,,http://t.co/Qav4CYFNAD,http://bbc.in/1mr2tAM,128,140,http://pbs.twimg.com/media/Brwa4yFIAAAnX-f.jpg,http://t.co/z3G1BzCLye,photo,bbcworldservice,BBC World Service,786764,false,false,false,en
Sat Jul 05 05:20:54 +0000 2014,485292213912735744,Australia not commenting on reports more than 200 asylum seekers intercepted on Indian Ocean http://t.co/dRJTp7lBuj http://t.co/pnDVHNtc36,"<a href=""http://www.socialflow.com"" rel=""nofollow"">SocialFlow</a>",false,,,,742143,,,,,,,,,,,538,178,,,http://t.co/dRJTp7lBuj,http://bbc.in/1m1Gbol,115,138,http://pbs.twimg.com/media/BrwasnjIIAEWzeA.jpg,http://t.co/pnDVHNtc36,photo,,,,false,false,false,en
Sat Jul 05 04:27:07 +0000 2014,485278676192608256,RT @bbcworldservice: A Chilean court finds US journalist Charles Horman was murdered with the help of the US government http://t.co/E8p9r0D?,"<a href=""https://about.twitter.com/products/tweetdeck"" rel=""nofollow"">TweetDeck</a>",false,,,,742143,,,,,,,,,,,529,0,,,http://t.co/E8p9r0Dlrr,http://bbc.in/1qEI9xK,140,,,,,bbcworldservice,BBC World Service,786764,false,false,false,en
Sat Jul 05 03:52:02 +0000 2014,485269850877870080,"Russia MPs back law requiring internet firms to store Russian citizens' personal data inside the country
http://t.co/DQDelpPnOJ","<a href=""http://www.socialflow.com"" rel=""nofollow"">SocialFlow</a>",false,,,,742143,,,,,,,,,,,136,55,,,http://t.co/DQDelpPnOJ,http://bbc.in/1q4frTo,127,,,,,,,,false,false,false,en
Sat Jul 05 02:25:04 +0000 2014,485247963124748288,RT @KattyKayBBC: Injured Neymar out of World Cup http://t.co/eI85tlwjxA,"<a href=""https://about.twitter.com/products/tweetdeck"" rel=""nofollow"">TweetDeck</a>",false,,,,742143,,,,,,,,,,,249,0,,,http://t.co/eI85tlwjxA,http://www.bbc.co.uk/sport/football/28173132,71,,,,,KattyKayBBC,Katty Kay,43996908,false,false,false,en
Sat Jul 05 01:18:24 +0000 2014,485231184042295296,VIDEO: Huge grasshopper lands on Rodriguez http://t.co/YRrVGX0HGg,"<a href=""http://www.bbc.co.uk/news/"" rel=""nofollow"">BBC News</a>",false,,,,742143,,,,,,,,,,,115,121,,,http://t.co/YRrVGX0HGg,http://bbc.in/1xtYRjS,65,,,,,,,,false,false,false,en
Sat Jul 05 01:12:07 +0000 2014,485229603053907968,PM 'wants answers' on abuse dossier http://t.co/nmUDsEP2La,"<a href=""http://www.bbc.co.uk/news/"" rel=""nofollow"">BBC News</a>",false,,,,742143,,,,,,,,,,,30,25,,,http://t.co/nmUDsEP2La,http://bbc.in/1jRxl7V,58,,,,,,,,false,false,false,en
Sat Jul 05 01:10:07 +0000 2014,485229102799261696,Guatemala rebel guilty of killings http://t.co/Zltdwxw3fk,"<a href=""http://www.bbc.co.uk/news/"" rel=""nofollow"">BBC News</a>",false,,,,742143,,,,,,,,,,,40,19,,,http://t.co/Zltdwxw3fk,http://bbc.in/1j3JMm2,57,,,,,,,,false,false,false,en
Sat Jul 05 00:38:06 +0000 2014,485221042412335104,Fuel and electricity price increases come into effect in Egypt - some fuel tariffs may rise by as much as 78% http://t.co/f9BJv6rQNr,"<a href=""http://www.socialflow.com"" rel=""nofollow"">SocialFlow</a>",false,,,,742143,,,,,,,,,,,98,33,,,http://t.co/f9BJv6rQNr,http://bbc.in/1vHyDHX,132,,,,,,,,false,false,false,en
Sat Jul 05 00:20:04 +0000 2014,485216507241435136,"Germany summons US ambassador in Berlin after suspected spy arrested
http://t.co/RHk0XARAjT http://t.co/ovG6J6UqsJ","<a href=""http://www.socialflow.com"" rel=""nofollow"">SocialFlow</a>",false,,,,742143,,,,,,,,,,,307,155,,,http://t.co/RHk0XARAjT,http://bbc.in/1qGDbk2,91,114,http://pbs.twimg.com/media/BrvV16YIQAAYTKL.jpg,http://t.co/ovG6J6UqsJ,photo,,,,false,false,false,en
Fri Jul 04 23:41:55 +0000 2014,485206905628160000,RT @BBCSport: Brazil's team doctor says Neymar ruled out of World Cup with fractured vertebrae,"<a href=""https://about.twitter.com/products/tweetdeck"" rel=""nofollow"">TweetDeck</a>",false,,,,742143,,,,,,,,,,,6029,0,,,,,,,,,,BBCSport,BBC Sport,265902729,false,false,,en
Fri Jul 04 22:56:09 +0000 2014,485195387201142785,"Senegalese PM Aminata Toure sacked after her party's poor showing in Sunday's local elections
http://t.co/NRbieuMvFx http://t.co/kMpg2VIldQ","<a href=""http://www.socialflow.com"" rel=""nofollow"">SocialFlow</a>",false,,,,742143,,,,,,,,,,,108,69,,,http://t.co/NRbieuMvFx,http://bbc.in/1qGs0rG,116,139,http://pbs.twimg.com/media/BrvCokRIUAARsR3.jpg,http://t.co/kMpg2VIldQ,photo,,,,false,false,false,en
Fri Jul 04 22:48:17 +0000 2014,485193407514812417,RT @BBCSport: Neymar was taken to hospital after being carried off on a stretcher in the win over Colombia http://t.co/QynqL3gVuE http://t.?,"<a href=""https://about.twitter.com/products/tweetdeck"" rel=""nofollow"">TweetDeck</a>",false,,,,742143,,,,,,,,,,,970,0,,,http://t.co/QynqL3gVuE,http://bbc.in/1zeg5Ud,129,140,http://pbs.twimg.com/media/BrvAvfmCYAAOmtA.jpg,http://t.co/NaxARxTtOW,photo,BBCSport,BBC Sport,265902729,false,false,false,en
Fri Jul 04 21:55:58 +0000 2014,485180242118840320,RT @BBCSport: #BRA 2-1 #COL. Hosts go through to meet Germany in the last four after goals by Luiz &amp; Silva http://t.co/gCiSY41JgD http://t.?,"<a href=""https://about.twitter.com/products/tweetdeck"" rel=""nofollow"">TweetDeck</a>",false,,,,742143,,,,,,,,,,,1049,0,COL,,http://t.co/gCiSY41JgD,http://bbc.in/1ouUWjc,133,144,http://pbs.twimg.com/media/Bru0xKOIYAEC3Nn.jpg,http://t.co/o8EqMQWXJU,photo,BBCSport,BBC Sport,265902729,false,false,false,en
Fri Jul 04 21:25:35 +0000 2014,485172596506632193,RT @BBCNewshour: How America helped #Iraqi PM Maliki become more authoritarian https://t.co/B8jlZ8koFU former US adviser Ali Khedery explai?,"<a href=""https://about.twitter.com/products/tweetdeck"" rel=""nofollow"">TweetDeck</a>",false,,,,742143,,,,,,,,,,,43,0,Iraqi,,https://t.co/B8jlZ8koFU,https://soundcloud.com/bbc-world-service/newshour-ali-khedery-on-why-the-us-stuck-with-nouri-al-maliki,102,,,,,BBCNewshour,BBC Newshour,30835585,false,false,false,en
Fri Jul 04 20:49:32 +0000 2014,485163521135882241,RT @BBCSport: HT. #BRA 1-0 #COL.#BRA's best 45 minutes of the #WorldCup. Silva?s goal gives them the lead. http://t.co/gCiSY41JgD http://t.?,"<a href=""https://about.twitter.com/products/tweetdeck"" rel=""nofollow"">TweetDeck</a>",false,,,,742143,,,,,,,,,,,343,0,WorldCup,,http://t.co/gCiSY41JgD,http://bbc.in/1ouUWjc,129,140,http://pbs.twimg.com/media/BrulmQGIMAAwbnz.jpg,http://t.co/bjwFWdZ23b,photo,BBCSport,BBC Sport,265902729,false,false,false,en
Fri Jul 04 19:58:44 +0000 2014,485150738600173570,RT @BBCSport: The second #WorldCup quarter-final #BRA v #COL starts shortly - live @bbc5live and text via:  http://t.co/gCiSY41JgD http://t?,"<a href=""https://about.twitter.com/products/tweetdeck"" rel=""nofollow"">TweetDeck</a>",false,,,,742143,,,,,,,,,,,374,0,COL,,http://t.co/gCiSY41JgD,http://bbc.in/1ouUWjc,130,140,http://pbs.twimg.com/media/BruZp8GCIAAG-0Q.jpg,http://t.co/yq5q9Gcx7K,photo,bbc5live,BBC Radio 5 live,7589572,false,false,false,en
Fri Jul 04 19:58:22 +0000 2014,485150645557919744,RT @BenBrownBBC: Brazil v Columbia - heaving at the big screen on copacabana beach! #bbcworldcup http://t.co/1zMG8r5o6b,"<a href=""https://about.twitter.com/products/tweetdeck"" rel=""nofollow"">TweetDeck</a>",false,,,,742143,,,,,,,,,,,854,0,bbcworldcup,,,,,119,http://pbs.twimg.com/media/BruZuDOIcAExFMT.jpg,http://t.co/1zMG8r5o6b,photo,BenBrownBBC,Ben Brown,1201698912,false,false,false,en
Fri Jul 04 19:47:48 +0000 2014,485147987778473984,RT @BBCtrending: #Bra vs #Col: Has the Brazilian hashflag had more mentions than @neymarjr? #WorldCup #hashflags http://t.co/Ts1L3Sx3ob,"<a href=""https://about.twitter.com/products/tweetdeck"" rel=""nofollow"">TweetDeck</a>",false,,,,742143,,,,,,,,,,,189,0,hashflags,,,,,135,http://pbs.twimg.com/media/BruW3rAIYAArFLu.png,http://t.co/Ts1L3Sx3ob,photo,neymarjr,Neymar Jr,158487331,false,false,false,en
Fri Jul 04 19:24:00 +0000 2014,485141998962487297,"RT @PhilippaBBC: On #IndependenceDay @bbcworldtonight - how America REALLY views us. Ambassador @MatthewBarzun talks UK in #EU, #Iraq, #Syr?","<a href=""https://about.twitter.com/products/tweetdeck"" rel=""nofollow"">TweetDeck</a>",false,,,,742143,,,,,,,,,,,29,0,softpower,,,,,,,,,MatthewBarzun,Matthew Barzun,1283775062,false,false,,en
Fri Jul 04 18:44:31 +0000 2014,485132063767789568,"Ethiopian Ginbot 7 opposition leader - sentenced to death while in exile - extradited from Yemen, group says http://t.co/dARYfjxrgg","<a href=""http://www.socialflow.com"" rel=""nofollow"">SocialFlow</a>",false,,,,742143,,,,,,,,,,,62,31,,,http://t.co/dARYfjxrgg,http://bbc.in/1qFPWLN,131,,,,,,,,false,false,false,en
Fri Jul 04 18:02:48 +0000 2014,485121564120457217,Brazil football fans hope new songs will inspire their team against Colombia http://t.co/tFEjCVFxQL #BRA v #COL,"<a href=""http://www.socialflow.com"" rel=""nofollow"">SocialFlow</a>",false,,,,742143,,,,,,,,,,,151,99,COL,,http://t.co/tFEjCVFxQL,http://bbc.in/1qvIwZV,99,,,,,,,,false,false,false,en
Fri Jul 04 17:55:54 +0000 2014,485119828811083776,RT @BBCSport: FT. #FRA 0-1 #GER. #GER reach their fourth successive #WorldCup semi-final as Hummels scores only goal http://t.co/3FlPdygwbI,"<a href=""https://about.twitter.com/products/tweetdeck"" rel=""nofollow"">TweetDeck</a>",false,,,,742143,,,,,,,,,,,1648,0,WorldCup,,,,,139,http://pbs.twimg.com/media/Brt9zAECYAAqFDr.jpg,http://t.co/3FlPdygwbI,photo,BBCSport,BBC Sport,265902729,false,false,false,en
Fri Jul 04 17:23:17 +0000 2014,485111617303355392,"""The most difficult moment of my life."" Parents of @PeterGreste describe their visit to see him in a Cairo prison http://t.co/9nfgCHJZja","<a href=""https://about.twitter.com/products/tweetdeck"" rel=""nofollow"">TweetDeck</a>",false,,,,742143,,,,,,,,,,,85,55,,,http://t.co/9nfgCHJZja,http://bbc.in/1pOHyu0,136,,,,,PeterGreste,Peter Greste,64144638,false,false,false,en
Fri Jul 04 17:04:48 +0000 2014,485106966684258304,Look back at the week in numbers with #BBCGoFigure http://t.co/3O7SmRvD09 http://t.co/pzVYoOicyX,"<a href=""http://www.socialflow.com"" rel=""nofollow"">SocialFlow</a>",false,,,,742143,,,,,,,,,,,824,271,BBCGoFigure,,http://t.co/3O7SmRvD09,http://bbc.in/VnlDMJ,73,96,http://pbs.twimg.com/media/BrtyNz-IcAA11c3.jpg,http://t.co/pzVYoOicyX,photo,,,,false,false,false,en
Fri Jul 04 16:49:53 +0000 2014,485103214438924288,RT @BBCSport: HT. #FRA 0-1 #GER. Mats Hummels' powerful header after 12 minutes gives #GER half-time lead. http://t.co/5HLNbxmVCv http://t.?,"<a href=""https://about.twitter.com/products/tweetdeck"" rel=""nofollow"">TweetDeck</a>",false,,,,742143,,,,,,,,,,,671,0,GER,,http://t.co/5HLNbxmVCv,http://bbc.in/TTT74d,129,140,http://pbs.twimg.com/media/Brtuom8IIAAdry3.jpg,http://t.co/IXr34uy1zU,photo,BBCSport,BBC Sport,265902729,false,false,false,en
Fri Jul 04 16:04:28 +0000 2014,485091782292942848,"RT @BBCBreaking: Iraqi PM Nouri Maliki vows he will ""never give up"" on bid for third term despite foreign and domestic pressure http://t.co?","<a href=""https://about.twitter.com/products/tweetdeck"" rel=""nofollow"">TweetDeck</a>",false,,,,742143,,,,,,,,,,,274,0,,,http://t.co/sYyIvz9lV3,http://bbc.in/1j4yhet,140,,,,,BBCBreaking,BBC Breaking News,5402612,false,false,false,en
Fri Jul 04 16:02:46 +0000 2014,485091356671750144,RT @BBCAfrica: Why have thousands of people been deported from Brazzaville to Kinshasa? http://t.co/D9wkwYJYdE on @bbc5thfloor http://t.co/?,"<a href=""https://about.twitter.com/products/tweetdeck"" rel=""nofollow"">TweetDeck</a>",false,,,,742143,,,,,,,,,,,97,0,,,http://t.co/D9wkwYJYdE,http://bbc.in/TTHmL3,110,140,http://pbs.twimg.com/media/BrtjZ8zIAAE05ij.jpg,http://t.co/OLXvTjHh6F,photo,BBC5thfloor,The Fifth Floor,454911403,false,false,false,en
Fri Jul 04 15:32:46 +0000 2014,485083805783687168,"Three women arrested for recruiting female members for Islamist militant group Boko Haram, Nigeria's military says http://t.co/9hmE319lkA","<a href=""http://www.socialflow.com"" rel=""nofollow"">SocialFlow</a>",false,,,,742143,,,,,,,,,,,139,49,,,http://t.co/9hmE319lkA,http://bbc.in/1qviJkx,137,,,,,,,,false,false,false,en
Fri Jul 04 15:21:31 +0000 2014,485080975018586112,"RT @BBCNewsUS: Phoenix, Arizona hit by massive dust storm on Thursday evening, ahead of Fourth of July celebrations http://t.co/X1Ujy43XUa","<a href=""https://about.twitter.com/products/tweetdeck"" rel=""nofollow"">TweetDeck</a>",false,,,,742143,,,,,,,,,,,68,0,,,http://t.co/X1Ujy43XUa,http://bbc.in/1mrsBeR,138,,,,,BBCNewsUS,"BBC News US ",69329527,false,false,false,en
Fri Jul 04 15:19:41 +0000 2014,485080512688828417,RT @BBCtrending: #Fra vs #Ger - which team has had their hashflag mentioned more? #WorldCup #Hashflags http://t.co/hKKfPvZYHi,"<a href=""https://about.twitter.com/products/tweetdeck"" rel=""nofollow"">TweetDeck</a>",false,,,,742143,,,,,,,,,,,199,0,Hashflags,,,,,125,http://pbs.twimg.com/media/BrtZ_ZcIUAAqJYi.png,http://t.co/hKKfPvZYHi,photo,BBCtrending,BBC Trending,1562935142,false,false,false,en
Fri Jul 04 15:15:29 +0000 2014,485079457930420224,RT @BBC_WHYS: We are live on World TV talking to #Israelis and #Palestinians about the increased violence between the two groups. Send us y?,"<a href=""https://about.twitter.com/products/tweetdeck"" rel=""nofollow"">TweetDeck</a>",false,,,,742143,,,,,,,,,,,29,0,Palestinians,,,,,,,,,BBC_WHYS,World Have Your Say,14191254,false,false,,en
Fri Jul 04 14:56:52 +0000 2014,485074772599271424,RT @BBCSport: Two #WorldCup quarter-finals today - both could be classics #FRA V #GER  then #BRA v #COL http://t.co/tI437DQR34 http://t.co/?,"<a href=""https://about.twitter.com/products/tweetdeck"" rel=""nofollow"">TweetDeck</a>",false,,,,742143,,,,,,,,,,,618,0,COL,,http://t.co/tI437DQR34,http://bbc.in/1o8Tk0y,126,140,http://pbs.twimg.com/media/BrtUbptIcAExiXS.jpg,http://t.co/pThTb170gh,photo,BBCSport,BBC Sport,265902729,false,false,false,en
Fri Jul 04 14:53:53 +0000 2014,485074022569619456,RT @BBCtrending: #SaveYakubuYusuf - using Twitter to raise money in #Nigeria http://t.co/zAzotEbWz9 http://t.co/4bj5amqC7w,"<a href=""https://about.twitter.com/products/tweetdeck"" rel=""nofollow"">TweetDeck</a>",false,,,,742143,,,,,,,,,,,121,0,Nigeria,,http://t.co/zAzotEbWz9,http://bbc.in/1ouqrtH,99,122,http://pbs.twimg.com/media/BrtT1ubIMAA9G8s.jpg,http://t.co/4bj5amqC7w,photo,BBCtrending,BBC Trending,1562935142,false,false,false,in
Fri Jul 04 14:53:10 +0000 2014,485073839123349506,"RT @BBCtrending: Brazilians on Tinder, Arjen #Robbening and Who is Maria Sharapova? #BBCtrending in 60 seconds http://t.co/RTwTTC8Ubz","<a href=""https://about.twitter.com/products/tweetdeck"" rel=""nofollow"">TweetDeck</a>",false,,,,742143,,,,,,,,,,,23,0,BBCtrending,,http://t.co/RTwTTC8Ubz,http://bbc.in/1j2Q7y3,133,,,,,BBCtrending,BBC Trending,1562935142,false,false,false,en
Fri Jul 04 14:22:43 +0000 2014,485066176738115584,"Bus driver and one other killed in Brazil flyover collapse
http://t.co/GkzVXRDoLe http://t.co/1PDUqapiP4","<a href=""http://www.socialflow.com"" rel=""nofollow"">SocialFlow</a>",false,,,,742143,,,,,,,,,,,296,72,,,http://t.co/GkzVXRDoLe,http://bbc.in/1osRpBH,81,104,http://pbs.twimg.com/media/BrtNHhMIQAEYWYV.png,http://t.co/1PDUqapiP4,photo,,,,false,false,false,en
Fri Jul 04 13:45:18 +0000 2014,485056761435795456,RT @BBCNewsMagazine: Ben Sansum is 35. But he lives in 1946. http://t.co/viS2VpTlWa,"<a href=""https://about.twitter.com/products/tweetdeck"" rel=""nofollow"">TweetDeck</a>",false,,,,742143,,,,,,,,,,,32,0,,,http://t.co/viS2VpTlWa,http://www.bbc.co.uk/news/magazine-28106466?fmneo,83,,,,,BBCNewsMagazine,BBC News Magazine,14697685,false,false,false,en
Fri Jul 04 13:23:36 +0000 2014,485051300191928320,"RT @BBC5thfloor: What makes a good football commentator? The art of commentary in Brazil, Iran and Zimbabwe http://t.co/1XJGntmqiI http://t?","<a href=""https://about.twitter.com/products/tweetdeck"" rel=""nofollow"">TweetDeck</a>",false,,,,742143,,,,,,,,,,,91,0,,,http://t.co/1XJGntmqiI,http://bbc.in/1t56yyn,130,140,http://pbs.twimg.com/media/Brs6cGNCUAEOltL.jpg,http://t.co/zTNhQxEqxW,photo,BBC5thfloor,The Fifth Floor,454911403,false,false,false,en
Fri Jul 04 13:13:12 +0000 2014,485048683818651648,"RT @BBCOS: AUDIO: #Ebola crisis - fear, exorcisms, and slow response http://t.co/Q7G6qjMUjf http://t.co/fVjhyj5iPH","<a href=""https://about.twitter.com/products/tweetdeck"" rel=""nofollow"">TweetDeck</a>",false,,,,742143,,,,,,,,,,,158,0,Ebola,,http://t.co/Q7G6qjMUjf,http://bbc.in/TTHmL7,91,114,http://pbs.twimg.com/media/Brs7VAoIEAAjxce.jpg,http://t.co/fVjhyj5iPH,photo,BBCOS,BBC Outside Source,2190056023,false,false,false,es
Fri Jul 04 13:11:23 +0000 2014,485048225641271298,"RT @BBCPolitics: MEPs' views about the chances of Britain leaving the EU, and what it could mean for both sides of the argument. http://t.c?","<a href=""https://about.twitter.com/products/tweetdeck"" rel=""nofollow"">TweetDeck</a>",false,,,,742143,,,,,,,,,,,54,0,,,http://t.co/R5qkwgp0bf,http://bbc.in/1km6uRo,140,,,,,BBCPolitics,BBC Politics,621533,false,false,false,en
Fri Jul 04 13:10:59 +0000 2014,485048124390797313,"RT @BBCOS: AUDIO: BBC's World editor @AndrRoy explains challenges of covering Israel-Palestine, and ensuring equal coverage? http://t.co/k1?","<a href=""https://about.twitter.com/products/tweetdeck"" rel=""nofollow"">TweetDeck</a>",false,,,,742143,,,,,,,,,,,19,0,,,http://t.co/k1wU3rO54q,http://bbc.in/1vFrZlH,140,,,,,AndrRoy,andrew roy,92837266,false,false,false,en
Fri Jul 04 13:10:30 +0000 2014,485048004907638784,"Employee of Germany's intelligence agency arrested on suspicion of spying for US, reports say http://t.co/GQfNYhd7XA","<a href=""http://www.socialflow.com"" rel=""nofollow"">SocialFlow</a>",false,,,,742143,,,,,,,,,,,121,40,,,http://t.co/GQfNYhd7XA,http://bbc.in/1quR9Uu,116,,,,,,,,false,false,false,en
Fri Jul 04 13:03:58 +0000 2014,485046360027459584,RT @BBCMonitoring: Why does Tonga want to swap islands with Fiji? http://t.co/SZVB5X1ivO #NewsFromElsewhere http://t.co/J26swi9f2h,"<a href=""https://about.twitter.com/products/tweetdeck"" rel=""nofollow"">TweetDeck</a>",false,,,,742143,,,,,,,,,,,84,0,NewsFromElsewhere,,http://t.co/SZVB5X1ivO,http://bbc.in/1oufhVO,88,130,http://pbs.twimg.com/media/Brs59hUIIAAKVgt.jpg,http://t.co/J26swi9f2h,photo,BBCMonitoring,BBC Monitoring,569238628,false,false,false,en
Fri Jul 04 13:03:33 +0000 2014,485046252791693312,RT @BBC5thfloor: Beirut through the bullet holes: the story of the city's battle scarred Holiday Inn hotel http://t.co/orAjsLp6Lb http://t.?,"<a href=""https://about.twitter.com/products/tweetdeck"" rel=""nofollow"">TweetDeck</a>",false,,,,742143,,,,,,,,,,,108,0,,,http://t.co/orAjsLp6Lb,http://bbc.in/1q2i3RF,129,140,http://pbs.twimg.com/media/Brs6Pb7CAAArIxU.jpg,http://t.co/0057oFFZ3r,photo,BBC5thfloor,The Fifth Floor,454911403,false,false,false,en
Fri Jul 04 13:03:08 +0000 2014,485046148613566464,RT @BBCBusiness: Kenya's mobile innovation brings digital money closer http://t.co/pnju2RtcOF #techbusiness,"<a href=""https://about.twitter.com/products/tweetdeck"" rel=""nofollow"">TweetDeck</a>",false,,,,742143,,,,,,,,,,,58,0,techbusiness,,http://t.co/pnju2RtcOF,http://bbc.in/1j2Gbop,93,,,,,BBCBusiness,BBC Business,621523,false,false,false,de
