CreatedAt,ID,ActualTweet,Source,Truncated,InReplyToStatusID,InReplyToUserID,InReplyToScreenName,UserID,UserScreenName,GEO,Coordinates,PlaceID,PlaceURL,PlaceType,PlaceName,PlaceFullName,PlaceCountryCode,PlaceCountry,Contributors,RetweetCount,FavouriteCount,Hashtags,Symbols,URL,URLInTweetExpanded,Indices,MediaIndices,MediaURL,MediaURLShort,MediaType,UserMentionScreenName,UserMentionName,UserMentionID,Favourited,Retweeted,PossiblySensitive,Language,Classifier,TweetLength
Mon Jul 07 21:47:03 +0000 2014,486265162593492992,pintrest,"<a href=""http://twitter.com"" rel=""nofollow"">Twitter Web Client</a>",false,,,,510980878,PinterestFake,,,,,,,,,,,15,43,,,,,,,,,,,,,false,false,,sv,0,8
Fri Jul 04 19:56:39 +0000 2014,485150216493207552,DIY Fireworks: Fire your husband's machine gun into the air a bunch of times,"<a href=""http://twitter.com/download/iphone"" rel=""nofollow"">Twitter for iPhone</a>",false,,,,510980878,PinterestFake,,,,,,,,,,,138,127,,,,,,,,,,,,,false,false,,en,0,76
Fri Jul 04 19:33:16 +0000 2014,485144329447804929,"Make red, white, and blue pie with strawberries, blueberries, and, well, onions? I guess? Oh god.","<a href=""http://twitter.com/download/iphone"" rel=""nofollow"">Twitter for iPhone</a>",false,,,,510980878,PinterestFake,,,,,,,,,,,193,198,,,,,,,,,,,,,false,false,,en,0,97
Thu Jul 03 22:23:31 +0000 2014,484824788557262849,How to get bed bugs into your home so your daily struggle with the invisible can be real,"<a href=""http://twitter.com/download/iphone"" rel=""nofollow"">Twitter for iPhone</a>",false,,,,510980878,PinterestFake,,,,,,,,,,,57,88,,,,,,,,,,,,,false,false,,en,0,88
Thu Jul 03 20:41:17 +0000 2014,484799059266248705,Montana?,"<a href=""http://twitter.com/download/iphone"" rel=""nofollow"">Twitter for iPhone</a>",false,,,,510980878,PinterestFake,,,,,,,,,,,22,41,,,,,,,,,,,,,false,false,,in,0,8
Thu Jul 03 16:18:23 +0000 2014,484732898302775297,Lupita Nyong'o Beach Towel,"<a href=""http://twitter.com"" rel=""nofollow"">Twitter Web Client</a>",false,,,,510980878,PinterestFake,,,,,,,,,,,25,59,,,,,,,,,,,,,false,false,,tl,0,26
Wed Jul 02 16:43:05 +0000 2014,484376727935008768,a fucking kayak full of fucking typewriters on a fucking oak mantelpiece in fucking Park Slope,"<a href=""http://twitter.com"" rel=""nofollow"">Twitter Web Client</a>",false,,,,510980878,PinterestFake,,,,,,,,,,,79,150,,,,,,,,,,,,,false,false,,en,0,94
Tue Jul 01 17:29:37 +0000 2014,484026050838794240,"these frozen kale pops ""can get it!"" did I use that right?","<a href=""http://twitter.com"" rel=""nofollow"">Twitter Web Client</a>",false,,,,510980878,PinterestFake,,,,,,,,,,,64,105,,,,,,,,,,,,,false,false,,en,0,58
Tue Jul 01 05:22:28 +0000 2014,483843054051143680,A brandy snifter full of pee.,"<a href=""http://twitter.com/download/iphone"" rel=""nofollow"">Twitter for iPhone</a>",false,,,,510980878,PinterestFake,,,,,,,,,,,14,38,,,,,,,,,,,,,false,false,,en,0,29
Thu Jun 26 14:54:43 +0000 2014,482175129372209152,#JustWomenTrappedInTerribleMarriagesThings,"<a href=""http://twitter.com"" rel=""nofollow"">Twitter Web Client</a>",false,,,,510980878,PinterestFake,,,,,,,,,,,35,102,JustWomenTrappedInTerribleMarriagesThings,,,,,,,,,,,,false,false,,en,0,42
Wed Jun 25 01:32:59 +0000 2014,481610978442747905,This baby is soooo small! I hope it's still alive!,"<a href=""http://twitter.com/download/iphone"" rel=""nofollow"">Twitter for iPhone</a>",false,,,,510980878,PinterestFake,,,,,,,,,,,22,79,,,,,,,,,,,,,false,false,,en,0,50
Tue Jun 24 21:32:07 +0000 2014,481550359526400000,elegant simple ring with only 7 diamonds,"<a href=""http://twitter.com"" rel=""nofollow"">Twitter Web Client</a>",false,,,,510980878,PinterestFake,,,,,,,,,,,119,170,,,,,,,,,,,,,false,false,,en,0,40
Tue Jun 24 17:31:21 +0000 2014,481489769809989632,BACON! (could never eat this but love the smell of the juice that leaks out when you heat it up),"<a href=""https://about.twitter.com/products/tweetdeck"" rel=""nofollow"">TweetDeck</a>",false,,,,510980878,PinterestFake,,,,,,,,,,,17,35,,,,,,,,,,,,,false,false,,en,0,96
Tue Jun 24 15:01:46 +0000 2014,481452124128440321,having sex in a boat in a pool,"<a href=""http://twitter.com"" rel=""nofollow"">Twitter Web Client</a>",false,,,,510980878,PinterestFake,,,,,,,,,,,19,60,,,,,,,,,,,,,false,false,,en,0,30
Mon Jun 23 22:24:45 +0000 2014,481201219894247426,Mixin' up Ragu and Hellmann's,"<a href=""http://twitter.com"" rel=""nofollow"">Twitter Web Client</a>",false,,,,510980878,PinterestFake,,,,,,,,,,,29,38,,,,,,,,,,,,,false,false,,et,0,29
Mon Jun 23 22:00:37 +0000 2014,481195146588209152,Slambook of the Saints,"<a href=""http://twitter.com"" rel=""nofollow"">Twitter Web Client</a>",false,,,,510980878,PinterestFake,,,,,,,,,,,12,26,,,,,,,,,,,,,false,false,,en,0,22
Mon Jun 23 17:47:54 +0000 2014,481131546699915264,"Instead of rewarding your kid w food, let him have a backyard bonfire where he can burn anything he wants no matter how precious, how loved","<a href=""https://about.twitter.com/products/tweetdeck"" rel=""nofollow"">TweetDeck</a>",false,,,,510980878,PinterestFake,,,,,,,,,,,102,159,,,,,,,,,,,,,false,false,,en,0,134
Fri Jun 20 19:55:01 +0000 2014,480076373315567616,pistol-whipping,"<a href=""http://twitter.com"" rel=""nofollow"">Twitter Web Client</a>",false,,,,510980878,PinterestFake,,,,,,,,,,,34,30,,,,,,,,,,,,,false,false,,en,0,15
Fri Jun 20 19:15:55 +0000 2014,480066535025680385,"God loves everyone, but especially blue eyed girls from Texas","<a href=""http://twitter.com/download/iphone"" rel=""nofollow"">Twitter for iPhone</a>",false,,,,510980878,PinterestFake,,,,,,,,,,,52,102,,,,,,,,,,,,,false,false,,en,0,61
Fri Jun 20 18:19:22 +0000 2014,480052304083554306,"Cross-stitch that says ""God Bless My Fucking Stupid Husband""","<a href=""https://about.twitter.com/products/tweetdeck"" rel=""nofollow"">TweetDeck</a>",false,,,,510980878,PinterestFake,,,,,,,,,,,63,195,,,,,,,,,,,,,false,false,,en,0,60
Thu Jun 19 21:55:55 +0000 2014,479744409756794880,Watch a bug slowly die in a Mason Jar,"<a href=""http://twitter.com"" rel=""nofollow"">Twitter Web Client</a>",false,,,,510980878,PinterestFake,,,,,,,,,,,140,201,,,,,,,,,,,,,false,false,,en,0,37
Thu Jun 19 16:16:23 +0000 2014,479658966415597568,"My beaded hair and ""Rude Boy"" tattoo I got at Sandals Resort in Jamaica","<a href=""http://twitter.com"" rel=""nofollow"">Twitter Web Client</a>",false,,,,510980878,PinterestFake,,,,,,,,,,,41,85,,,,,,,,,,,,,false,false,,en,0,71
Tue Jun 17 18:16:11 +0000 2014,478964337495642112,I like this liquid. It might be gazpacho or it might be marinara. I can't see the temperature.,"<a href=""https://about.twitter.com/products/tweetdeck"" rel=""nofollow"">TweetDeck</a>",false,,,,510980878,PinterestFake,,,,,,,,,,,41,100,,,,,,,,,,,,,false,false,,en,0,94
Mon Jun 16 20:02:19 +0000 2014,478628659142873088,someone maybe you've heard of him his name is JESUS CHRIST OUR LORD AND SAVIOR SON OF THE LAMB SEATED AT THE RIGHT HAND OF OUR FATHER,"<a href=""http://twitter.com"" rel=""nofollow"">Twitter Web Client</a>",false,,,,510980878,PinterestFake,,,,,,,,,,,44,125,,,,,,,,,,,,,false,false,,en,0,134
Mon Jun 16 18:56:20 +0000 2014,478612053968830464,cure your children's painful bug bites with this song,"<a href=""http://twitter.com"" rel=""nofollow"">Twitter Web Client</a>",false,,,,510980878,PinterestFake,,,,,,,,,,,79,116,,,,,,,,,,,,,false,false,,en,0,53
Mon Jun 16 18:09:30 +0000 2014,478600269224509440,my top 10 Hottest Anime Dudes,"<a href=""http://twitter.com"" rel=""nofollow"">Twitter Web Client</a>",false,,,,510980878,PinterestFake,,,,,,,,,,,30,40,,,,,,,,,,,,,false,false,,en,0,29
Mon Jun 16 17:51:01 +0000 2014,478595615749050368,a picture to convey the idea that my home now has blueberries inside of it,"<a href=""http://twitter.com"" rel=""nofollow"">Twitter Web Client</a>",false,,,,510980878,PinterestFake,,,,,,,,,,,76,120,,,,,,,,,,,,,false,false,,en,0,74
Sun Jun 15 17:20:15 +0000 2014,478225483952578561,14 Amazing Ways To Kiss Your Dad This Father's Day,"<a href=""http://twitter.com/download/iphone"" rel=""nofollow"">Twitter for iPhone</a>",false,,,,510980878,PinterestFake,,,,,,,,,,,65,93,,,,,,,,,,,,,false,false,,en,0,50
Fri Jun 13 19:28:27 +0000 2014,477532971696943105,Obungler,"<a href=""http://twitter.com"" rel=""nofollow"">Twitter Web Client</a>",false,,,,510980878,PinterestFake,,,,,,,,,,,0,7,,,,,,,,,,,,,false,false,,de,0,8
Fri Jun 13 16:20:28 +0000 2014,477485667102904321,ILU Marilyn Monroe http://t.co/aedIxJusi3,"<a href=""http://twitter.com"" rel=""nofollow"">Twitter Web Client</a>",false,,,,510980878,PinterestFake,,,,,,,,,,,25,62,,,,,,41,http://pbs.twimg.com/media/BqBerwtCUAEeNrd.jpg,http://t.co/aedIxJusi3,photo,,,,false,false,false,fi,0,41
Fri Jun 13 16:05:42 +0000 2014,477481950035189760,Beautiful old map of the Slave States,"<a href=""http://twitter.com"" rel=""nofollow"">Twitter Web Client</a>",false,,,,510980878,PinterestFake,,,,,,,,,,,58,147,,,,,,,,,,,,,false,false,,en,0,37
Fri Jun 13 14:03:17 +0000 2014,477451142100557825,This tree is me.,"<a href=""http://twitter.com/download/iphone"" rel=""nofollow"">Twitter for iPhone</a>",false,,,,510980878,PinterestFake,,,,,,,,,,,52,68,,,,,,,,,,,,,false,false,,en,0,16
Thu Jun 12 20:03:23 +0000 2014,477179376165871616,Make your own TGIFridays Jalepeno Popper Scented Bath Oil. Never spend money on the TGIFridays line of bath oils again!,"<a href=""https://about.twitter.com/products/tweetdeck"" rel=""nofollow"">TweetDeck</a>",false,,,,510980878,PinterestFake,,,,,,,,,,,88,111,,,,,,,,,,,,,false,false,,en,0,119
Thu Jun 12 17:20:03 +0000 2014,477138270686834688,a thousand dollars,"<a href=""http://twitter.com"" rel=""nofollow"">Twitter Web Client</a>",false,,,,510980878,PinterestFake,,,,,,,,,,,31,36,,,,,,,,,,,,,false,false,,en,0,18
Thu Jun 12 16:58:32 +0000 2014,477132855982567425,symbolism,"<a href=""http://twitter.com"" rel=""nofollow"">Twitter Web Client</a>",false,,,,510980878,PinterestFake,,,,,,,,,,,37,57,,,,,,,,,,,,,false,false,,sv,0,9
Thu Jun 12 16:35:22 +0000 2014,477127026361782273,Thank you @kristinmusulin &amp; @USATODAYcollege my your life journey take you to lands of peace and heritage coffee bean yoga mats,"<a href=""http://twitter.com"" rel=""nofollow"">Twitter Web Client</a>",false,477126331378188288,343123192,kristinmusulin,510980878,PinterestFake,,,,,,,,,,,2,16,,,,,,,,,,USATODAYcollege,USA TODAY College,21405623,false,false,,en,0,134
Thu Jun 12 16:21:53 +0000 2014,477123634885296128,RT @USATODAYcollege: 'The Fake Pinterest' delivers real laughs - http://t.co/H5IR4W82Ui  @PinterestFake,"<a href=""http://twitter.com"" rel=""nofollow"">Twitter Web Client</a>",false,,,,510980878,PinterestFake,,,,,,,,,,,9,0,,,http://t.co/H5IR4W82Ui,http://usat.ly/SQggUA,87,,,,,PinterestFake,The Fake Pinterest,510980878,false,false,false,en,0,103
Thu Jun 12 05:24:58 +0000 2014,476958316040429570,Keep Calm And Hold The Pillow Tightly Over Your Mother's Face,"<a href=""http://twitter.com/download/iphone"" rel=""nofollow"">Twitter for iPhone</a>",false,,,,510980878,PinterestFake,,,,,,,,,,,36,84,,,,,,,,,,,,,false,false,,en,0,61
Wed Jun 11 15:58:19 +0000 2014,476755316403490817,"""love this look for summer"" [a topless woman wearing cutoff jean shorts]","<a href=""https://about.twitter.com/products/tweetdeck"" rel=""nofollow"">TweetDeck</a>",false,,,,510980878,PinterestFake,,,,,,,,,,,63,129,,,,,,,,,,,,,false,false,,en,0,72
Tue Jun 10 22:01:15 +0000 2014,476484262439706625,Make a margarita in the skin of an avocado just like the Mexicans have done for centuries,"<a href=""https://about.twitter.com/products/tweetdeck"" rel=""nofollow"">TweetDeck</a>",false,,,,510980878,PinterestFake,,,,,,,,,,,125,161,,,,,,,,,,,,,false,false,,en,0,89
Tue Jun 10 18:12:44 +0000 2014,476426754169774080,5 Ways to Supress Laughter at Your Sorority Sisters' Funerals,"<a href=""http://twitter.com"" rel=""nofollow"">Twitter Web Client</a>",false,,,,510980878,PinterestFake,,,,,,,,,,,83,174,,,,,,,,,,,,,false,false,,en,0,61
Tue Jun 10 17:43:46 +0000 2014,476419465098579968,Fancy toilet that automatically plays the Sex and the City theme song whenever BM's enter it.,"<a href=""http://twitter.com"" rel=""nofollow"">Twitter Web Client</a>",false,,,,510980878,PinterestFake,,,,,,,,,,,38,86,,,,,,,,,,,,,false,false,,en,0,93
Tue Jun 10 13:48:55 +0000 2014,476360362128715776,Baby-shaped gender reveal pi?ata. Whack the baby hard enough and blue or pink candy spills out!,"<a href=""http://twitter.com/download/iphone"" rel=""nofollow"">Twitter for iPhone</a>",false,,,,510980878,PinterestFake,,,,,,,,,,,117,143,,,,,,,,,,,,,false,false,,en,0,95
Tue Jun 10 13:20:46 +0000 2014,476353278666489856,Fun bridesmaids photo idea: a dildo swordfight,"<a href=""http://twitter.com/download/iphone"" rel=""nofollow"">Twitter for iPhone</a>",false,,,,510980878,PinterestFake,,,,,,,,,,,112,184,,,,,,,,,,,,,false,false,,en,0,46
Tue Jun 10 01:47:23 +0000 2014,476178782412607488,Replace your toddler's screen time with fun songs you make up about whatever vegetables are on hand.,"<a href=""http://twitter.com/download/iphone"" rel=""nofollow"">Twitter for iPhone</a>",false,,,,510980878,PinterestFake,,,,,,,,,,,40,79,,,,,,,,,,,,,false,false,,en,0,100
Mon Jun 09 21:33:06 +0000 2014,476114792563097603,"""The only person who can call you racist is you"" - Audrey Hepburn","<a href=""http://twitter.com"" rel=""nofollow"">Twitter Web Client</a>",false,,,,510980878,PinterestFake,,,,,,,,,,,119,173,,,,,,,,,,,,,false,false,,en,0,65
Mon Jun 09 20:35:25 +0000 2014,476100275053559808,Can't wait to see what Jay Jay Abraham does with the news #StarWarps movies!,"<a href=""http://twitter.com"" rel=""nofollow"">Twitter Web Client</a>",false,,,,510980878,PinterestFake,,,,,,,,,,,27,36,StarWarps,,,,,,,,,,,,false,false,,en,0,76
Mon Jun 09 19:54:20 +0000 2014,476089933166559232,True Story of a Brave Teen who refused to sign a Public School Contract that says The Devil is Awesome,"<a href=""http://twitter.com"" rel=""nofollow"">Twitter Web Client</a>",false,,,,510980878,PinterestFake,,,,,,,,,,,57,103,,,,,,,,,,,,,false,false,,en,0,102
Mon Jun 09 18:18:00 +0000 2014,476065692677324800,Save time with a cloaca surgery,"<a href=""http://twitter.com"" rel=""nofollow"">Twitter Web Client</a>",false,,,,510980878,PinterestFake,,,,,,,,,,,26,42,,,,,,,,,,,,,false,false,,en,0,31
Mon Jun 09 15:04:38 +0000 2014,476017030987284480,*That feeling of watching the kids' dog run into the street and just standing there doing nothing*,"<a href=""http://twitter.com"" rel=""nofollow"">Twitter Web Client</a>",false,,,,510980878,PinterestFake,,,,,,,,,,,17,72,,,,,,,,,,,,,false,false,,en,0,98
Mon Jun 09 14:31:39 +0000 2014,476008727402004480,Be a real Cinderella by hand blowing these almost painless glass shoes.,"<a href=""http://twitter.com/download/iphone"" rel=""nofollow"">Twitter for iPhone</a>",false,,,,510980878,PinterestFake,,,,,,,,,,,104,118,,,,,,,,,,,,,false,false,,en,0,71
Mon Jun 09 00:44:18 +0000 2014,475800518204223488,RT @BuzzFeed: 32 Times @PinterestFake Had Better Ideas Than Real Pinterest http://t.co/mZcaLn9igA,"<a href=""https://about.twitter.com/products/tweetdeck"" rel=""nofollow"">TweetDeck</a>",false,,,,510980878,PinterestFake,,,,,,,,,,,108,0,,,http://t.co/mZcaLn9igA,http://www.buzzfeed.com/jessicaprobus/32-times-pinterestfake-had-better-ideas-than-real-pinterest,97,,,,,PinterestFake,The Fake Pinterest,510980878,false,false,false,en,0,97
Sun Jun 08 17:28:38 +0000 2014,475690878741118976,Only eat the strawberry SEEDS. That is the only healthy part.,"<a href=""http://twitter.com/download/iphone"" rel=""nofollow"">Twitter for iPhone</a>",false,,,,510980878,PinterestFake,,,,,,,,,,,212,190,,,,,,,,,,,,,false,false,,en,0,61
Sat Jun 07 22:16:06 +0000 2014,475400836177088513,This is the PERFECT bedroom for a child. The five skylights and exposed brick would allow her to really DREAM!,"<a href=""http://twitter.com/download/iphone"" rel=""nofollow"">Twitter for iPhone</a>",false,,,,510980878,PinterestFake,,,,,,,,,,,65,120,,,,,,,,,,,,,false,false,,en,0,110
Sat Jun 07 18:58:43 +0000 2014,475351161520652289,"Beautifully real picture of Zooey Deschanel with no makeup, no filter, and no clothes on.","<a href=""http://twitter.com/download/iphone"" rel=""nofollow"">Twitter for iPhone</a>",false,,,,510980878,PinterestFake,,,,,,,,,,,12,55,,,,,,,,,,,,,false,false,,en,0,89
Sat Jun 07 05:36:38 +0000 2014,475149312847253504,Christmas lights in the bedroom are sexy for some reason.,"<a href=""http://twitter.com/download/iphone"" rel=""nofollow"">Twitter for iPhone</a>",false,,,,510980878,PinterestFake,,,,,,,,,,,87,119,,,,,,,,,,,,,false,false,,en,0,57
Fri Jun 06 00:38:11 +0000 2014,474711817420558336,The only way you should be grilling salmon is on a rusty vintage radiator,"<a href=""https://about.twitter.com/products/tweetdeck"" rel=""nofollow"">TweetDeck</a>",false,,,,510980878,PinterestFake,,,,,,,,,,,193,161,,,,,,,,,,,,,false,false,,en,0,73
Thu May 29 17:39:15 +0000 2014,472069673090285569,Thin-slice a pink pool noodle horizontally and it looks like bologna and maybe it is try a little of it then choke the rest down yum yum yum,"<a href=""https://about.twitter.com/products/tweetdeck"" rel=""nofollow"">TweetDeck</a>",false,,,,510980878,PinterestFake,,,,,,,,,,,134,157,,,,,,,,,,,,,false,false,,en,0,134
Wed May 28 16:20:11 +0000 2014,471687386267930625,Get married in an empty pool(?),"<a href=""http://twitter.com"" rel=""nofollow"">Twitter Web Client</a>",false,,,,510980878,PinterestFake,,,,,,,,,,,113,180,,,,,,,,,,,,,false,false,,en,0,31
Tue May 27 21:26:58 +0000 2014,471402206361821186,Wine Camp,"<a href=""http://twitter.com"" rel=""nofollow"">Twitter Web Client</a>",false,,,,510980878,PinterestFake,,,,,,,,,,,233,123,,,,,,,,,,,,,false,false,,en,0,9
Tue May 27 20:08:27 +0000 2014,471382446412660736,baby loves ketchup,"<a href=""http://twitter.com"" rel=""nofollow"">Twitter Web Client</a>",false,,,,510980878,PinterestFake,,,,,,,,,,,18,43,,,,,,,,,,,,,false,false,,en,0,18
Tue May 27 19:06:12 +0000 2014,471366778379988993,An INDOOR wedding????? I'd rather blow my brains out!!,"<a href=""https://about.twitter.com/products/tweetdeck"" rel=""nofollow"">TweetDeck</a>",false,,,,510980878,PinterestFake,,,,,,,,,,,76,136,,,,,,,,,,,,,false,false,,en,0,54
Tue May 27 17:31:42 +0000 2014,471342998371188739,Mix all the different canned soups together in a big jug,"<a href=""http://twitter.com/download/iphone"" rel=""nofollow"">Twitter for iPhone</a>",false,,,,510980878,PinterestFake,,,,,,,,,,,106,145,,,,,,,,,,,,,false,false,,en,0,56
Mon May 26 15:54:33 +0000 2014,470956160712204288,Grow corn indoors I don't know,"<a href=""http://twitter.com/download/iphone"" rel=""nofollow"">Twitter for iPhone</a>",false,,,,510980878,PinterestFake,,,,,,,,,,,400,334,,,,,,,,,,,,,false,false,,en,0,30
Thu May 22 21:33:25 +0000 2014,469591888878501888,...BABIES!!!,"<a href=""http://twitter.com"" rel=""nofollow"">Twitter Web Client</a>",false,,,,510980878,PinterestFake,,,,,,,,,,,29,43,,,,,,,,,,,,,false,false,,en,0,12
Thu May 22 15:04:25 +0000 2014,469493993882271744,What it would look like if Disney animated the Amanda Knox trial,"<a href=""http://twitter.com"" rel=""nofollow"">Twitter Web Client</a>",false,,,,510980878,PinterestFake,,,,,,,,,,,84,105,,,,,,,,,,,,,false,false,,en,0,64
Tue May 20 21:20:49 +0000 2014,468863943956779009,"Make delicious, healthy ""fries"" by eating carrot sticks","<a href=""https://about.twitter.com/products/tweetdeck"" rel=""nofollow"">TweetDeck</a>",false,,,,510980878,PinterestFake,,,,,,,,,,,331,263,,,,,,,,,,,,,false,false,,en,0,55
Thu May 15 03:16:09 +0000 2014,466779036640083969,We dare you to try to carve this wooden duck because that would be hilarious,"<a href=""http://twitter.com/download/iphone"" rel=""nofollow"">Twitter for iPhone</a>",false,,,,510980878,PinterestFake,,,,,,,,,,,82,99,,,,,,,,,,,,,false,false,,en,0,76
Wed May 14 14:05:23 +0000 2014,466580033466023936,Necklace made of baby teeth,"<a href=""http://twitter.com/download/iphone"" rel=""nofollow"">Twitter for iPhone</a>",false,,,,510980878,PinterestFake,,,,,,,,,,,114,115,,,,,,,,,,,,,false,false,,en,0,27
Tue May 13 22:54:38 +0000 2014,466350834931204097,What are these delicious little cabbages???,"<a href=""https://about.twitter.com/products/tweetdeck"" rel=""nofollow"">TweetDeck</a>",false,,,,510980878,PinterestFake,,,,,,,,,,,23,43,,,,,,,,,,,,,false,false,,en,0,43
Tue May 13 22:09:57 +0000 2014,466339590237077505,This will be my engagement ring if I ever get married or finally just buy myself an engagement ring so I've worn one before I die,"<a href=""https://about.twitter.com/products/tweetdeck"" rel=""nofollow"">TweetDeck</a>",false,,,,510980878,PinterestFake,,,,,,,,,,,220,208,,,,,,,,,,,,,false,false,,en,0,134
Mon May 12 19:56:46 +0000 2014,465943688426704896,39 Ways To Fold A Napkin That Will Make Your Mother In Law Absolutely Cream Herself,"<a href=""https://about.twitter.com/products/tweetdeck"" rel=""nofollow"">TweetDeck</a>",false,,,,510980878,PinterestFake,,,,,,,,,,,176,273,,,,,,,,,,,,,false,false,,en,0,83
Mon May 12 02:14:15 +0000 2014,465676296014815232,"Make you own paint. Not safe, but-","<a href=""http://twitter.com/download/iphone"" rel=""nofollow"">Twitter for iPhone</a>",false,,,,510980878,PinterestFake,,,,,,,,,,,51,91,,,,,,,,,,,,,false,false,,en,0,34
Fri May 09 17:55:25 +0000 2014,464825983200419840,Repeatedly stab a watermelon while your baby cries,"<a href=""https://about.twitter.com/products/tweetdeck"" rel=""nofollow"">TweetDeck</a>",false,,,,510980878,PinterestFake,,,,,,,,,,,90,97,,,,,,,,,,,,,false,false,,en,0,50
Fri May 09 15:11:45 +0000 2014,464784796095610880,whisper your fears into a pie,"<a href=""http://twitter.com"" rel=""nofollow"">Twitter Web Client</a>",false,,,,510980878,PinterestFake,,,,,,,,,,,378,323,,,,,,,,,,,,,false,false,,en,0,29
Thu May 08 23:04:22 +0000 2014,464541346771271680,"A t-shirt I made that says ""I Wish I Was a Snake Because Snakes Don't Have to Worry About Thigh Gap"" is there a market for this?","<a href=""http://twitter.com"" rel=""nofollow"">Twitter Web Client</a>",false,,,,510980878,PinterestFake,,,,,,,,,,,227,237,,,,,,,,,,,,,false,false,,en,0,128
Thu May 08 22:49:30 +0000 2014,464537606819422209,Make your children feel the weight of your divorce by telling them that burning all their toys is part of the process,"<a href=""http://twitter.com"" rel=""nofollow"">Twitter Web Client</a>",false,,,,510980878,PinterestFake,,,,,,,,,,,59,123,,,,,,,,,,,,,false,false,,en,0,117
Thu May 08 21:07:58 +0000 2014,464512053764300801,"Picture of my grandpa right before the war. He was so handsome, strong, sexy, masculine, virile, ripped, and sexy. I miss him.","<a href=""https://about.twitter.com/products/tweetdeck"" rel=""nofollow"">TweetDeck</a>",false,,,,510980878,PinterestFake,,,,,,,,,,,33,104,,,,,,,,,,,,,false,false,,en,0,126
Thu May 08 19:56:35 +0000 2014,464494088990236672,Premie Boat: The Boat for Premies,"<a href=""http://twitter.com"" rel=""nofollow"">Twitter Web Client</a>",false,,,,510980878,PinterestFake,,,,,,,,,,,8,27,,,,,,,,,,,,,false,false,,en,0,33
Thu May 08 16:27:36 +0000 2014,464441497492803585,"Tumorpuss, the cat puppet you can use to explain your child's diagnosis in a way they will engage with","<a href=""http://twitter.com"" rel=""nofollow"">Twitter Web Client</a>",false,,,,510980878,PinterestFake,,,,,,,,,,,23,68,,,,,,,,,,,,,false,false,,en,0,102
Thu May 08 15:20:04 +0000 2014,464424503011844096,You have been making ice wrong this entire time.,"<a href=""http://twitter.com/download/iphone"" rel=""nofollow"">Twitter for iPhone</a>",false,,,,510980878,PinterestFake,,,,,,,,,,,338,298,,,,,,,,,,,,,false,false,,en,0,48
Thu May 08 02:59:44 +0000 2014,464238192330166272,Natalie Portman who I want to hold for some reason.,"<a href=""https://about.twitter.com/products/tweetdeck"" rel=""nofollow"">TweetDeck</a>",false,,,,510980878,PinterestFake,,,,,,,,,,,11,23,,,,,,,,,,,,,false,false,,en,0,51
Wed May 07 18:39:55 +0000 2014,464112407452082176,#HardDongs,"<a href=""http://twitter.com"" rel=""nofollow"">Twitter Web Client</a>",false,,,,510980878,PinterestFake,,,,,,,,,,,18,26,HardDongs,,,,,,,,,,,,false,false,,cy,0,10
Wed May 07 18:37:17 +0000 2014,464111743216910336,a tupperware of fingernails,"<a href=""http://twitter.com"" rel=""nofollow"">Twitter Web Client</a>",false,,,,510980878,PinterestFake,,,,,,,,,,,24,46,,,,,,,,,,,,,false,false,,en,0,27
Wed May 07 18:35:16 +0000 2014,464111236586954752,My daughter called me a Basic Bitch because I don't understand why I should have to press one for English? Please help?,"<a href=""http://twitter.com"" rel=""nofollow"">Twitter Web Client</a>",false,,,,510980878,PinterestFake,,,,,,,,,,,55,89,,,,,,,,,,,,,false,false,,en,0,119
Wed May 07 18:32:16 +0000 2014,464110483331899392,an adorable baby deer that I just want to SMASH in a TRASH COMPACTOR,"<a href=""http://twitter.com"" rel=""nofollow"">Twitter Web Client</a>",false,,,,510980878,PinterestFake,,,,,,,,,,,40,80,,,,,,,,,,,,,false,false,,en,0,68
Wed May 07 18:29:20 +0000 2014,464109745595359232,Photos of me and my dad from our Christian Puberty Ceremony,"<a href=""http://twitter.com"" rel=""nofollow"">Twitter Web Client</a>",false,,,,510980878,PinterestFake,,,,,,,,,,,28,59,,,,,,,,,,,,,false,false,,en,0,59
Wed May 07 18:16:17 +0000 2014,464106459786391552,"Wonderful video of coma patient singing ""Let It Go"" in her head, I assume","<a href=""http://twitter.com"" rel=""nofollow"">Twitter Web Client</a>",false,,,,510980878,PinterestFake,,,,,,,,,,,119,206,,,,,,,,,,,,,false,false,,en,0,73
Wed May 07 17:03:03 +0000 2014,464088031251533824,There's a new cat you have to know about. It was born without bones.,"<a href=""https://about.twitter.com/products/tweetdeck"" rel=""nofollow"">TweetDeck</a>",false,,,,510980878,PinterestFake,,,,,,,,,,,39,77,,,,,,,,,,,,,false,false,,en,0,68
Wed May 07 16:09:34 +0000 2014,464074571705253888,A bikini bottom so high waisted it covers my face,"<a href=""https://about.twitter.com/products/tweetdeck"" rel=""nofollow"">TweetDeck</a>",false,,,,510980878,PinterestFake,,,,,,,,,,,457,371,,,,,,,,,,,,,false,false,,en,0,49
Tue May 06 13:42:41 +0000 2014,463675219434307584,Make your own pizza dough while watching Once Upon a Time on your phone,"<a href=""http://twitter.com/download/iphone"" rel=""nofollow"">Twitter for iPhone</a>",false,,,,510980878,PinterestFake,,,,,,,,,,,31,64,,,,,,,,,,,,,false,false,,en,0,71
Sun May 04 01:23:59 +0000 2014,462764544406736896,Be an ORIGAMI MOMMY!,"<a href=""http://twitter.com/download/iphone"" rel=""nofollow"">Twitter for iPhone</a>",false,,,,510980878,PinterestFake,,,,,,,,,,,24,51,,,,,,,,,,,,,false,false,,tl,0,20
Fri May 02 19:35:36 +0000 2014,462314480685178881,That dream where your family is skeletons and your house falls off a cliff into nothingness,"<a href=""http://twitter.com"" rel=""nofollow"">Twitter Web Client</a>",false,,,,510980878,PinterestFake,,,,,,,,,,,27,46,,,,,,,,,,,,,false,false,,en,0,91
Fri May 02 17:57:46 +0000 2014,462289860317822978,HAPPY BIRTHDAY!!,"<a href=""http://twitter.com"" rel=""nofollow"">Twitter Web Client</a>",false,,,,510980878,PinterestFake,,,,,,,,,,,7,6,,,,,,,,,,,,,false,false,,en,0,16
Fri May 02 17:41:45 +0000 2014,462285829654605824,"The ""Jazz"" Part of Town","<a href=""http://twitter.com"" rel=""nofollow"">Twitter Web Client</a>",false,,,,510980878,PinterestFake,,,,,,,,,,,9,24,,,,,,,,,,,,,false,false,,en,0,23
Thu May 01 20:54:02 +0000 2014,461971830417674241,"If you're not wearing a little straw hat on each of your fingernails, you're doing summer wrong","<a href=""https://about.twitter.com/products/tweetdeck"" rel=""nofollow"">TweetDeck</a>",false,,,,510980878,PinterestFake,,,,,,,,,,,301,226,,,,,,,,,,,,,false,false,,en,0,95
Thu May 01 01:43:19 +0000 2014,461682244847800320,Boil carob instead of drinking coffee.,"<a href=""http://twitter.com/download/iphone"" rel=""nofollow"">Twitter for iPhone</a>",false,,,,510980878,PinterestFake,,,,,,,,,,,9,8,,,,,,,,,,,,,false,false,,en,0,38
Tue Apr 29 20:28:41 +0000 2014,461240675413921792,the smell of hatred,"<a href=""http://twitter.com"" rel=""nofollow"">Twitter Web Client</a>",false,,,,510980878,PinterestFake,,,,,,,,,,,35,41,,,,,,,,,,,,,false,false,,en,0,19
Tue Apr 29 20:19:15 +0000 2014,461238304952709121,nothing tastes as good as hungry feels,"<a href=""http://twitter.com"" rel=""nofollow"">Twitter Web Client</a>",false,,,,510980878,PinterestFake,,,,,,,,,,,49,64,,,,,,,,,,,,,false,false,,en,0,38
Tue Apr 29 19:56:02 +0000 2014,461232461259608064,My Top 100 Most Sinfluential Pizzas,"<a href=""http://twitter.com"" rel=""nofollow"">Twitter Web Client</a>",false,,,,510980878,PinterestFake,,,,,,,,,,,27,52,,,,,,,,,,,,,false,false,,en,0,35
Tue Apr 29 12:41:41 +0000 2014,461123154291605504,Dust a hot dog with cocoa powder for easy cocoa dogs,"<a href=""http://twitter.com/download/iphone"" rel=""nofollow"">Twitter for iPhone</a>",false,,,,510980878,PinterestFake,,,,,,,,,,,222,183,,,,,,,,,,,,,false,false,,en,0,52
Sun Apr 27 05:49:53 +0000 2014,460294745575522306,"Finally, a diet but it's for how much you're allowed to sleep, and where.","<a href=""http://twitter.com/download/iphone"" rel=""nofollow"">Twitter for iPhone</a>",false,,,,510980878,PinterestFake,,,,,,,,,,,39,65,,,,,,,,,,,,,false,false,,en,0,73
Fri Apr 25 10:59:58 +0000 2014,459648001812594688,The One Bean Diet,"<a href=""http://twitter.com/download/iphone"" rel=""nofollow"">Twitter for iPhone</a>",false,,,,510980878,PinterestFake,,,,,,,,,,,26,44,,,,,,,,,,,,,false,false,,en,0,17
Thu Apr 24 15:51:02 +0000 2014,459358866187100160,Wish I was small and delicate enough to fit in this gorgeous birdhouse where my kids would never think to look for me,"<a href=""https://about.twitter.com/products/tweetdeck"" rel=""nofollow"">TweetDeck</a>",false,,,,510980878,PinterestFake,,,,,,,,,,,70,153,,,,,,,,,,,,,false,false,,en,0,117
Wed Apr 23 19:50:21 +0000 2014,459056701249830912,Every single type of horn. This would be the perfect decoration for my bathroom.,"<a href=""https://about.twitter.com/products/tweetdeck"" rel=""nofollow"">TweetDeck</a>",false,,,,510980878,PinterestFake,,,,,,,,,,,32,75,,,,,,,,,,,,,false,false,,en,0,80
Wed Apr 23 17:54:48 +0000 2014,459027622333132800,A woman eating baby carrots and smiling while seated in a bay window,"<a href=""http://twitter.com/download/iphone"" rel=""nofollow"">Twitter for iPhone</a>",false,,,,510980878,PinterestFake,,,,,,,,,,,43,78,,,,,,,,,,,,,false,false,,en,0,68
Wed Apr 23 12:52:55 +0000 2014,458951652926439424,Summerfun Funtime Funtivities you can do with the neighbors kid because YOU'RE BARREN,"<a href=""http://twitter.com"" rel=""nofollow"">Twitter Web Client</a>",false,,,,510980878,PinterestFake,,,,,,,,,,,66,134,,,,,,,,,,,,,false,false,,en,0,85
Tue Apr 22 22:15:36 +0000 2014,458730868719120384,tiny ski mask you can put on his thing for a sense of danger,"<a href=""http://twitter.com"" rel=""nofollow"">Twitter Web Client</a>",false,,,,510980878,PinterestFake,,,,,,,,,,,60,110,,,,,,,,,,,,,false,false,,en,0,60
Tue Apr 22 21:52:42 +0000 2014,458725103782477824,Pie Camp,"<a href=""http://twitter.com"" rel=""nofollow"">Twitter Web Client</a>",false,,,,510980878,PinterestFake,,,,,,,,,,,24,26,,,,,,,,,,,,,false,false,,pl,0,8
Fri Apr 18 18:27:10 +0000 2014,457223828863586304,GG Allin,"<a href=""http://twitter.com"" rel=""nofollow"">Twitter Web Client</a>",false,,,,510980878,PinterestFake,,,,,,,,,,,10,19,,,,,,,,,,,,,false,false,,de,0,8
Fri Apr 18 16:26:11 +0000 2014,457193383933378560,a picture of a really fit woman that I swear inspires me and doesn't make me feel like giving up every single day,"<a href=""http://twitter.com"" rel=""nofollow"">Twitter Web Client</a>",false,,,,510980878,PinterestFake,,,,,,,,,,,142,154,,,,,,,,,,,,,false,false,,en,0,113
Fri Apr 18 16:11:43 +0000 2014,457189740903559169,a cake shaped like a dog that you can run over with your car on the anniversary of the dog's death,"<a href=""http://twitter.com"" rel=""nofollow"">Twitter Web Client</a>",false,,,,510980878,PinterestFake,,,,,,,,,,,68,168,,,,,,,,,,,,,false,false,,en,0,98
Fri Apr 18 14:25:43 +0000 2014,457163066267144193,big roaches. everywhere. in pool. on bread. no foolin.,"<a href=""http://twitter.com"" rel=""nofollow"">Twitter Web Client</a>",false,,,,510980878,PinterestFake,,,,,,,,,,,12,30,,,,,,,,,,,,,false,false,,en,0,54
Thu Apr 17 16:59:10 +0000 2014,456839295056101376,OMG saltines!,"<a href=""http://twitter.com"" rel=""nofollow"">Twitter Web Client</a>",false,,,,510980878,PinterestFake,,,,,,,,,,,15,32,,,,,,,,,,,,,false,false,,et,0,13
Thu Apr 17 10:47:35 +0000 2014,456745784772284416,The Disney Princesses as DOCTORS.,"<a href=""http://twitter.com/download/iphone"" rel=""nofollow"">Twitter for iPhone</a>",false,,,,510980878,PinterestFake,,,,,,,,,,,67,99,,,,,,,,,,,,,false,false,,en,0,33
Wed Apr 16 20:06:41 +0000 2014,456524099649404929,This balloon represents me for some reason,"<a href=""https://about.twitter.com/products/tweetdeck"" rel=""nofollow"">TweetDeck</a>",false,,,,510980878,PinterestFake,,,,,,,,,,,52,70,,,,,,,,,,,,,false,false,,en,0,42
Wed Apr 16 16:39:48 +0000 2014,456472032771706880,"A kindergarten where they let the parents stand watch with concealed guns, thank god.","<a href=""http://twitter.com/#!/download/ipad"" rel=""nofollow"">Twitter for iPad</a>",false,,,,510980878,PinterestFake,,,,,,,,,,,18,56,,,,,,,,,,,,,false,false,,en,0,85
Mon Apr 14 16:32:32 +0000 2014,455745428357517314,a progressive new school where the kids give the janitors grades,"<a href=""http://twitter.com"" rel=""nofollow"">Twitter Web Client</a>",false,,,,510980878,PinterestFake,,,,,,,,,,,64,121,,,,,,,,,,,,,false,false,,en,0,64
Wed Apr 09 15:41:16 +0000 2014,453920586998091776,Single serving carrot cake recipe you can make inside your mouth,"<a href=""https://about.twitter.com/products/tweetdeck"" rel=""nofollow"">TweetDeck</a>",false,,,,510980878,PinterestFake,,,,,,,,,,,140,209,,,,,,,,,,,,,false,false,,en,0,64
Tue Apr 08 19:17:44 +0000 2014,453612674736091136,Close-up of one of Ian Somerhalder's eyebrows.,"<a href=""http://twitter.com/download/iphone"" rel=""nofollow"">Twitter for iPhone</a>",false,,,,510980878,PinterestFake,,,,,,,,,,,21,56,,,,,,,,,,,,,false,false,,en,0,46
Tue Apr 08 14:13:11 +0000 2014,453536035557761024,Crumble bacon into brownie batter so that at least one thing goes right in this god forsaken world.,"<a href=""http://twitter.com/download/iphone"" rel=""nofollow"">Twitter for iPhone</a>",false,,,,510980878,PinterestFake,,,,,,,,,,,253,229,,,,,,,,,,,,,false,false,,en,0,99
Tue Apr 08 03:22:03 +0000 2014,453372170320633857,Fucking. Perfect. Lettuce.,"<a href=""http://twitter.com/download/iphone"" rel=""nofollow"">Twitter for iPhone</a>",false,,,,510980878,PinterestFake,,,,,,,,,,,61,114,,,,,,,,,,,,,false,false,,en,0,26
Mon Apr 07 03:50:47 +0000 2014,453017012638187521,"A house on fire. My house. Well, used to be.","<a href=""http://twitter.com/download/iphone"" rel=""nofollow"">Twitter for iPhone</a>",false,,,,510980878,PinterestFake,,,,,,,,,,,6,40,,,,,,,,,,,,,false,false,,en,0,44
Sat Apr 05 19:46:08 +0000 2014,452532661982990337,"Keep a slow-cooker full of bubbling bleach for a fresh, poisony smell","<a href=""http://twitter.com/download/iphone"" rel=""nofollow"">Twitter for iPhone</a>",false,,,,510980878,PinterestFake,,,,,,,,,,,120,149,,,,,,,,,,,,,false,false,,en,0,69
Fri Apr 04 21:57:30 +0000 2014,452203331977371648,"from now on everything over a size 6 should be spelled ""waste"" instead of ""waist""","<a href=""http://twitter.com"" rel=""nofollow"">Twitter Web Client</a>",false,,,,510980878,PinterestFake,,,,,,,,,,,9,43,,,,,,,,,,,,,false,false,,en,0,81
Fri Apr 04 21:19:30 +0000 2014,452193769866018816,#FF mysterious land-strangers @HelloCullen @MeganMaileGreen @kibblesmith,"<a href=""http://twitter.com"" rel=""nofollow"">Twitter Web Client</a>",false,,,,510980878,PinterestFake,,,,,,,,,,,1,3,FF,,,,,,,,,kibblesmith,Daniel Kibblesmith,14641347,false,false,,en,0,72
Fri Apr 04 21:18:32 +0000 2014,452193523857502208,RT @MeganMaileGreen: all of my body image issues stem from the fact that I am in love the with the hummingbird outside my window but he thi?,"<a href=""http://twitter.com"" rel=""nofollow"">Twitter Web Client</a>",false,,,,510980878,PinterestFake,,,,,,,,,,,42,0,,,,,,,,,,MeganMaileGreen,Megan Maile Green,309874143,false,false,,en,0,134
Fri Apr 04 21:17:35 +0000 2014,452193286829002752,"RT @kibblesmith: Pulitzer Prize-winner Lois Lane, I want you to meet your new reporting partner, this mysterious stranger who has never hel?","<a href=""http://twitter.com"" rel=""nofollow"">Twitter Web Client</a>",false,,,,510980878,PinterestFake,,,,,,,,,,,72,0,,,,,,,,,,kibblesmith,Daniel Kibblesmith,14641347,false,false,,en,0,134
Fri Apr 04 21:16:28 +0000 2014,452193007282823168,"RT @HelloCullen: ""Pizza, Pizza"" - Me addressing my twin sons","<a href=""http://twitter.com"" rel=""nofollow"">Twitter Web Client</a>",false,,,,510980878,PinterestFake,,,,,,,,,,,39,0,,,,,,,,,,HelloCullen,Cullen Crawford,317394465,false,false,,en,0,60
Fri Apr 04 15:54:22 +0000 2014,452111947425525761,Sorority sisters are the ones who are always there for you until you get married and can finally delete each other's phone numbers,"<a href=""https://about.twitter.com/products/tweetdeck"" rel=""nofollow"">TweetDeck</a>",false,,,,510980878,PinterestFake,,,,,,,,,,,31,96,,,,,,,,,,,,,false,false,,en,0,134
Fri Apr 04 05:42:03 +0000 2014,451957853876523009,Infographic about urban goat keeping,"<a href=""http://twitter.com/download/iphone"" rel=""nofollow"">Twitter for iPhone</a>",false,,,,510980878,PinterestFake,,,,,,,,,,,65,86,,,,,,,,,,,,,false,false,,en,0,36
Thu Apr 03 15:34:02 +0000 2014,451744440655151104,Keep Calm and Continue to Put Off Your Life Goals,"<a href=""http://twitter.com/download/iphone"" rel=""nofollow"">Twitter for iPhone</a>",false,,,,510980878,PinterestFake,,,,,,,,,,,184,172,,,,,,,,,,,,,false,false,,en,0,49
Wed Apr 02 18:38:21 +0000 2014,451428437119352832,Cake shaped like thing,"<a href=""http://twitter.com/download/iphone"" rel=""nofollow"">Twitter for iPhone</a>",false,,,,510980878,PinterestFake,,,,,,,,,,,43,71,,,,,,,,,,,,,false,false,,en,0,22
Wed Apr 02 13:59:40 +0000 2014,451358304631930880,a blurry picture of a wheat field + the religion I believe in.,"<a href=""http://twitter.com"" rel=""nofollow"">Twitter Web Client</a>",false,,,,510980878,PinterestFake,,,,,,,,,,,85,149,,,,,,,,,,,,,false,false,,en,0,62
Mon Mar 31 12:47:56 +0000 2014,450615478168190977,What the hell is the point of being alive if you're not married to this black and white photo of an Italian cobbler,"<a href=""https://about.twitter.com/products/tweetdeck"" rel=""nofollow"">TweetDeck</a>",false,,,,510980878,PinterestFake,,,,,,,,,,,62,119,,,,,,,,,,,,,false,false,,en,0,115
Mon Mar 31 06:34:57 +0000 2014,450521613738332160,Funny tombstone-shaped cake you can write your name on and stare at.,"<a href=""https://about.twitter.com/products/tweetdeck"" rel=""nofollow"">TweetDeck</a>",false,,,,510980878,PinterestFake,,,,,,,,,,,45,79,,,,,,,,,,,,,false,false,,en,0,68
Sat Mar 29 22:27:17 +0000 2014,450036499275194368,I met my chubby hubby at Hobby Lobby,"<a href=""http://twitter.com/download/iphone"" rel=""nofollow"">Twitter for iPhone</a>",false,,,,510980878,PinterestFake,,,,,,,,,,,24,66,,,,,,,,,,,,,false,false,,en,0,36
Sat Mar 29 04:31:04 +0000 2014,449765662789861376,Make these fun hot dog ghosts by microwaving a hot dog in a Kleenex,"<a href=""http://twitter.com/download/iphone"" rel=""nofollow"">Twitter for iPhone</a>",false,,,,510980878,PinterestFake,,,,,,,,,,,125,116,,,,,,,,,,,,,false,false,,en,0,67
Fri Mar 28 17:03:58 +0000 2014,449592745368109056,huckin' rocks at dogs,"<a href=""http://twitter.com"" rel=""nofollow"">Twitter Web Client</a>",false,,,,510980878,PinterestFake,,,,,,,,,,,7,28,,,,,,,,,,,,,false,false,,en,0,21
Thu Mar 27 15:12:00 +0000 2014,449202180814151680,"brighten up your day by pronouncing it ""Tar-jay""","<a href=""http://twitter.com"" rel=""nofollow"">Twitter Web Client</a>",false,,,,510980878,PinterestFake,,,,,,,,,,,113,115,,,,,,,,,,,,,false,false,,en,0,48
Thu Mar 27 12:42:33 +0000 2014,449164572255985666,Stick your feet into a shoebox full of centipedes so they eat off the dead skin.,"<a href=""http://twitter.com/download/iphone"" rel=""nofollow"">Twitter for iPhone</a>",false,,,,510980878,PinterestFake,,,,,,,,,,,38,58,,,,,,,,,,,,,false,false,,en,0,80
Wed Mar 26 18:55:08 +0000 2014,448895945594241024,Shabby-chic gun safe,"<a href=""http://twitter.com/download/iphone"" rel=""nofollow"">Twitter for iPhone</a>",false,,,,510980878,PinterestFake,,,,,,,,,,,30,49,,,,,,,,,,,,,false,false,,en,0,20
Tue Mar 25 17:32:11 +0000 2014,448512684213174274,Sprinkle bacon bits and cornflakes on Entenmann's donuts so everyone thinks you went to one of those trendy donut stores,"<a href=""https://about.twitter.com/products/tweetdeck"" rel=""nofollow"">TweetDeck</a>",false,,,,510980878,PinterestFake,,,,,,,,,,,72,86,,,,,,,,,,,,,false,false,,en,0,120
Tue Mar 25 16:34:58 +0000 2014,448498283090935808,stay forever young with a husband who treats you like a child,"<a href=""http://twitter.com"" rel=""nofollow"">Twitter Web Client</a>",false,,,,510980878,PinterestFake,,,,,,,,,,,64,119,,,,,,,,,,,,,false,false,,en,0,61
Tue Mar 25 16:01:23 +0000 2014,448489834902859776,A cut up lemon next to a not cut up lemon,"<a href=""https://about.twitter.com/products/tweetdeck"" rel=""nofollow"">TweetDeck</a>",false,,,,510980878,PinterestFake,,,,,,,,,,,104,160,,,,,,,,,,,,,false,false,,en,0,41
Mon Mar 24 17:04:58 +0000 2014,448143446851584000,This Oprah quote is proof that I'm not racist,"<a href=""http://twitter.com"" rel=""nofollow"">Twitter Web Client</a>",false,,,,510980878,PinterestFake,,,,,,,,,,,51,96,,,,,,,,,,,,,false,false,,en,0,45
Mon Mar 24 16:55:20 +0000 2014,448141023643185152,Make homemade Shamrock Shakes by blending soy milk with green Tums.,"<a href=""http://twitter.com/download/iphone"" rel=""nofollow"">Twitter for iPhone</a>",false,,,,510980878,PinterestFake,,,,,,,,,,,98,135,,,,,,,,,,,,,false,false,,en,0,67
Mon Mar 24 14:34:07 +0000 2014,448105485984493570,Put their baby teeth in a jar so they find them when you die.,"<a href=""http://twitter.com/download/iphone"" rel=""nofollow"">Twitter for iPhone</a>",false,,,,510980878,PinterestFake,,,,,,,,,,,43,95,,,,,,,,,,,,,false,false,,en,0,61
Mon Mar 24 04:33:30 +0000 2014,447954333561151488,Put a daisy in a wine bottle as a reminder that you live in poverty.,"<a href=""http://twitter.com/download/iphone"" rel=""nofollow"">Twitter for iPhone</a>",false,,,,510980878,PinterestFake,,,,,,,,,,,187,232,,,,,,,,,,,,,false,false,,en,0,68
Sat Mar 22 16:43:56 +0000 2014,447413377636114433,A LEEEEAF!!!!,"<a href=""http://twitter.com/download/iphone"" rel=""nofollow"">Twitter for iPhone</a>",false,,,,510980878,PinterestFake,,,,,,,,,,,35,38,,,,,,,,,,,,,false,false,,cy,0,13
Fri Mar 21 22:56:49 +0000 2014,447144828678049792,Adorable photo of Patrick Stewart and Ian McKellan where they don't realize it's the last time they'll ever see each other.,"<a href=""http://twitter.com/download/iphone"" rel=""nofollow"">Twitter for iPhone</a>",false,,,,510980878,PinterestFake,,,,,,,,,,,17,56,,,,,,,,,,,,,false,false,,en,0,123
Fri Mar 21 17:49:12 +0000 2014,447067416447578112,The Heroes of Benghazi as the Disney Princes,"<a href=""http://twitter.com/download/iphone"" rel=""nofollow"">Twitter for iPhone</a>",false,,,,510980878,PinterestFake,,,,,,,,,,,18,28,,,,,,,,,,,,,false,false,,en,0,44
Thu Mar 20 13:16:48 +0000 2014,446636476680253440,a Hemsworth or two,"<a href=""http://twitter.com/download/iphone"" rel=""nofollow"">Twitter for iPhone</a>",false,,,,510980878,PinterestFake,,,,,,,,,,,34,60,,,,,,,,,,,,,false,false,,en,0,18
Wed Mar 19 19:54:43 +0000 2014,446374225327038464,"3 Creative Uses for Chunks of Asphalt: Doorstop, paper weight, to throw (at things)","<a href=""http://twitter.com"" rel=""nofollow"">Twitter Web Client</a>",false,,,,510980878,PinterestFake,,,,,,,,,,,31,52,,,,,,,,,,,,,false,false,,en,0,83
Wed Mar 19 18:19:19 +0000 2014,446350220129869824,Krav Mama: The Blog for Deadly Moms,"<a href=""http://twitter.com"" rel=""nofollow"">Twitter Web Client</a>",false,,,,510980878,PinterestFake,,,,,,,,,,,14,30,,,,,,,,,,,,,false,false,,en,0,35
Wed Mar 19 13:42:36 +0000 2014,446280580615790592,A default wallpaper from Windows XP,"<a href=""http://twitter.com/download/iphone"" rel=""nofollow"">Twitter for iPhone</a>",false,,,,510980878,PinterestFake,,,,,,,,,,,16,55,,,,,,,,,,,,,false,false,,en,0,35
Tue Mar 18 20:30:36 +0000 2014,446020870331703296,a thing from the jewish halloween that I liked before I knew it was jewish halloween,"<a href=""http://twitter.com"" rel=""nofollow"">Twitter Web Client</a>",false,,,,510980878,PinterestFake,,,,,,,,,,,7,28,,,,,,,,,,,,,false,false,,en,0,84
Tue Mar 18 20:03:24 +0000 2014,446014025046847488,a company's product! can't wait to purchase!,"<a href=""http://twitter.com"" rel=""nofollow"">Twitter Web Client</a>",false,,,,510980878,PinterestFake,,,,,,,,,,,16,35,,,,,,,,,,,,,false,false,,en,0,44
Tue Mar 18 19:58:40 +0000 2014,446012833101135872,No nursery is complete without a sun-bleached cattle skull.,"<a href=""http://twitter.com/download/iphone"" rel=""nofollow"">Twitter for iPhone</a>",false,,,,510980878,PinterestFake,,,,,,,,,,,62,86,,,,,,,,,,,,,false,false,,en,0,59
Tue Mar 18 13:38:38 +0000 2014,445917194505842688,"Boil an apple, see if that does anything.","<a href=""https://about.twitter.com/products/tweetdeck"" rel=""nofollow"">TweetDeck</a>",false,,,,510980878,PinterestFake,,,,,,,,,,,182,246,,,,,,,,,,,,,false,false,,en,0,41
Tue Mar 18 01:32:06 +0000 2014,445734355457957888,"trombones now, I guess","<a href=""http://twitter.com"" rel=""nofollow"">Twitter Web Client</a>",false,,,,510980878,PinterestFake,,,,,,,,,,,31,39,,,,,,,,,,,,,false,false,,en,0,22
Mon Mar 17 21:51:59 +0000 2014,445678960685219840,"Easy trail mix: peanuts, M&amp;Ms, Reeses cups, mini Snickers, tiny bagels. Perfect for a hike!","<a href=""https://about.twitter.com/products/tweetdeck"" rel=""nofollow"">TweetDeck</a>",false,,,,510980878,PinterestFake,,,,,,,,,,,183,189,,,,,,,,,,,,,false,false,,en,0,95
Sun Mar 16 05:24:59 +0000 2014,445068187181137920,a art,"<a href=""http://twitter.com/download/iphone"" rel=""nofollow"">Twitter for iPhone</a>",false,,,,510980878,PinterestFake,,,,,,,,,,,54,69,,,,,,,,,,,,,false,false,,und,0,5
Sat Mar 15 15:22:11 +0000 2014,444856089520009216,Taylor Swift sitting on some STAIRS,"<a href=""http://twitter.com/download/iphone"" rel=""nofollow"">Twitter for iPhone</a>",false,,,,510980878,PinterestFake,,,,,,,,,,,27,55,,,,,,,,,,,,,false,false,,en,0,35
Fri Mar 14 18:55:31 +0000 2014,444547388728823808,"I would never turn my child into a ""Circ' Du Freak"" (circumcised boy)","<a href=""http://twitter.com"" rel=""nofollow"">Twitter Web Client</a>",false,,,,510980878,PinterestFake,,,,,,,,,,,3,23,,,,,,,,,,,,,false,false,,en,0,69
Fri Mar 14 18:22:50 +0000 2014,444539162130014208,Why would your CAGE your baby inside a HOME you MONSTER?,"<a href=""http://twitter.com"" rel=""nofollow"">Twitter Web Client</a>",false,,,,510980878,PinterestFake,,,,,,,,,,,18,41,,,,,,,,,,,,,false,false,,en,0,56
Fri Mar 14 17:04:58 +0000 2014,444519566186532864,#FF The life warriors and tiger-siblings behind this account @kibblesmith @MeganMaileGreen and @HelloCullen,"<a href=""http://twitter.com"" rel=""nofollow"">Twitter Web Client</a>",false,,,,510980878,PinterestFake,,,,,,,,,,,1,1,FF,,,,,,,,,HelloCullen,Cullen Crawford,317394465,false,false,,en,0,107
Fri Mar 14 17:04:04 +0000 2014,444519341971615744,RT @HelloCullen: Diamonds are a girl's best friend. She's had a real tough go of it since her mom died.,"<a href=""http://twitter.com"" rel=""nofollow"">Twitter Web Client</a>",false,,,,510980878,PinterestFake,,,,,,,,,,,5,0,,,,,,,,,,HelloCullen,Cullen Crawford,317394465,false,false,,en,0,103
Fri Mar 14 17:03:51 +0000 2014,444519287567290369,"RT @MeganMaileGreen: The thin, toned, gorgeous bodies of children are the only FITspiration I need","<a href=""http://twitter.com"" rel=""nofollow"">Twitter Web Client</a>",false,,,,510980878,PinterestFake,,,,,,,,,,,2,0,,,,,,,,,,MeganMaileGreen,Megan Maile Green,309874143,false,false,,en,0,98
Fri Mar 14 17:03:32 +0000 2014,444519206122291200,RT @kibblesmith: I am Huck Sweetmouth host of Huckin' Fungry on Foodnetwork 2 and we are here today in Minnesota where they have burgers ju?,"<a href=""http://twitter.com"" rel=""nofollow"">Twitter Web Client</a>",false,,,,510980878,PinterestFake,,,,,,,,,,,47,0,,,,,,,,,,kibblesmith,Daniel Kibblesmith,14641347,false,false,,en,0,134
Fri Mar 14 16:54:25 +0000 2014,444516914325225472,Slowly undress in front of the Elf on the Shelf,"<a href=""http://twitter.com"" rel=""nofollow"">Twitter Web Client</a>",false,,,,510980878,PinterestFake,,,,,,,,,,,42,95,,,,,,,,,,,,,false,false,,en,0,47
Fri Mar 14 15:14:14 +0000 2014,444491702523281408,"Instead of potato chips, try putting garlic salt on uncooked pasta.","<a href=""https://about.twitter.com/products/tweetdeck"" rel=""nofollow"">TweetDeck</a>",false,,,,510980878,PinterestFake,,,,,,,,,,,70,100,,,,,,,,,,,,,false,false,,en,0,67
Fri Mar 14 01:28:57 +0000 2014,444284013402812416,Use dental floss and a needle to make healthy candy jewelry out of olives and corn,"<a href=""http://twitter.com/download/iphone"" rel=""nofollow"">Twitter for iPhone</a>",false,,,,510980878,PinterestFake,,,,,,,,,,,92,110,,,,,,,,,,,,,false,false,,en,0,82
Thu Mar 13 16:14:21 +0000 2014,444144441851252737,"Bacon cheeseburger pie! Hubbie and the boys will love this, but will they ever love me?","<a href=""http://twitter.com/download/iphone"" rel=""nofollow"">Twitter for iPhone</a>",false,,,,510980878,PinterestFake,,,,,,,,,,,57,143,,,,,,,,,,,,,false,false,,en,0,87
Thu Mar 13 12:51:19 +0000 2014,444093346105933824,Fun ideas for a homeschool Halloween party,"<a href=""http://twitter.com/download/iphone"" rel=""nofollow"">Twitter for iPhone</a>",false,,,,510980878,PinterestFake,,,,,,,,,,,22,52,,,,,,,,,,,,,false,false,,en,0,42
Thu Mar 13 03:06:56 +0000 2014,443946284009803776,"""Guys don't make passes at strong female characters who kick asses!""","<a href=""http://twitter.com/download/iphone"" rel=""nofollow"">Twitter for iPhone</a>",false,,,,510980878,PinterestFake,,,,,,,,,,,18,37,,,,,,,,,,,,,false,false,,en,0,68
Thu Mar 13 00:06:23 +0000 2014,443900843616522240,Pour nail polish remover on your face. A stranger told me it gets rid of wrinkles and dear god it just has to be true.,"<a href=""https://about.twitter.com/products/tweetdeck"" rel=""nofollow"">TweetDeck</a>",false,,,,510980878,PinterestFake,,,,,,,,,,,99,126,,,,,,,,,,,,,false,false,,en,0,118
Wed Mar 12 21:16:45 +0000 2014,443858154980659200,nuggets,"<a href=""http://twitter.com"" rel=""nofollow"">Twitter Web Client</a>",false,,,,510980878,PinterestFake,,,,,,,,,,,25,30,,,,,,,,,,,,,false,false,,en,0,7
Wed Mar 12 15:36:42 +0000 2014,443772578935484419,Super Healthy Pine Nuts! Almost as good as any other snack food in the world!,"<a href=""http://twitter.com"" rel=""nofollow"">Twitter Web Client</a>",false,,,,510980878,PinterestFake,,,,,,,,,,,8,24,,,,,,,,,,,,,false,false,,en,0,77
Wed Mar 12 15:00:41 +0000 2014,443763516487380992,Love your curves! Specifically the curves of this six-pack you need.,"<a href=""http://twitter.com/download/iphone"" rel=""nofollow"">Twitter for iPhone</a>",false,,,,510980878,PinterestFake,,,,,,,,,,,49,69,,,,,,,,,,,,,false,false,,en,0,68
Mon Mar 10 18:14:13 +0000 2014,443087442350854144,REAL LIFE RUGRATS (picture of unsupervised toddlers playing in the street),"<a href=""http://twitter.com"" rel=""nofollow"">Twitter Web Client</a>",false,,,,510980878,PinterestFake,,,,,,,,,,,27,63,,,,,,,,,,,,,false,false,,en,0,74
Mon Mar 10 06:19:13 +0000 2014,442907507149660160,How to spiral-cut a ham so that his mother finally shuts her damn mouth,"<a href=""http://twitter.com/download/iphone"" rel=""nofollow"">Twitter for iPhone</a>",false,,,,510980878,PinterestFake,,,,,,,,,,,17,73,,,,,,,,,,,,,false,false,,en,0,71
Fri Mar 07 15:38:51 +0000 2014,441961181654175744,BEEEEEEADS,"<a href=""http://twitter.com/download/iphone"" rel=""nofollow"">Twitter for iPhone</a>",false,,,,510980878,PinterestFake,,,,,,,,,,,15,51,,,,,,,,,,,,,false,false,,en,0,10
Fri Mar 07 06:30:33 +0000 2014,441823197449560064,"To give yourself enough time, start carving your DIY tombstone when you turn 30.","<a href=""http://twitter.com/download/iphone"" rel=""nofollow"">Twitter for iPhone</a>",false,,,,510980878,PinterestFake,,,,,,,,,,,87,123,,,,,,,,,,,,,false,false,,en,0,80
Thu Mar 06 17:43:03 +0000 2014,441630051311042560,awesome dad enlists 12 year old's friends into a flashmob to tell her she's adopted,"<a href=""http://twitter.com"" rel=""nofollow"">Twitter Web Client</a>",false,,,,510980878,PinterestFake,,,,,,,,,,,83,132,,,,,,,,,,,,,false,false,,en,0,83
Thu Mar 06 17:35:34 +0000 2014,441628165232799744,What kind of human being uses a store-bought envelope,"<a href=""https://about.twitter.com/products/tweetdeck"" rel=""nofollow"">TweetDeck</a>",false,,,,510980878,PinterestFake,,,,,,,,,,,81,144,,,,,,,,,,,,,false,false,,en,0,53
Wed Mar 05 21:58:32 +0000 2014,441331954349121536,A human baby,"<a href=""http://twitter.com/download/iphone"" rel=""nofollow"">Twitter for iPhone</a>",false,,,,510980878,PinterestFake,,,,,,,,,,,17,37,,,,,,,,,,,,,false,false,,tl,0,12
Wed Mar 05 16:02:36 +0000 2014,441242382973927424,"Wait, is milk gross or not","<a href=""https://about.twitter.com/products/tweetdeck"" rel=""nofollow"">TweetDeck</a>",false,,,,510980878,PinterestFake,,,,,,,,,,,34,66,,,,,,,,,,,,,false,false,,en,0,26
Tue Mar 04 19:10:22 +0000 2014,440927247210651648,You can make your own ikea at home out of paint and trees.,"<a href=""http://twitter.com/download/iphone"" rel=""nofollow"">Twitter for iPhone</a>",false,,,,510980878,PinterestFake,,,,,,,,,,,62,94,,,,,,,,,,,,,false,false,,en,0,58
Mon Mar 03 21:18:04 +0000 2014,440596995292422144,"You can't just put rocks in a jar, you need to buy these particular jars of rocks.","<a href=""https://about.twitter.com/products/tweetdeck"" rel=""nofollow"">TweetDeck</a>",false,,,,510980878,PinterestFake,,,,,,,,,,,79,158,,,,,,,,,,,,,false,false,,en,0,82
Mon Mar 03 17:27:34 +0000 2014,440538989359939584,"When it comes to supporting marriage, I'm in the (Ari)Zon[e](a)!","<a href=""http://twitter.com"" rel=""nofollow"">Twitter Web Client</a>",false,,,,510980878,PinterestFake,,,,,,,,,,,4,14,,,,,,,,,,,,,false,false,,en,0,64
Sun Mar 02 23:22:42 +0000 2014,440265972671197185,I don't care how many times I screw up and throw them away I swear to Christ I will make these sunny-side up eggs,"<a href=""http://twitter.com/download/iphone"" rel=""nofollow"">Twitter for iPhone</a>",false,,,,510980878,PinterestFake,,,,,,,,,,,12,40,,,,,,,,,,,,,false,false,,en,0,113
Thu Feb 27 23:35:49 +0000 2014,439182110918582272,Adorable wedding photo where the groom kisses the bride while fist-bumping the father of the bride,"<a href=""https://about.twitter.com/products/tweetdeck"" rel=""nofollow"">TweetDeck</a>",false,,,,510980878,PinterestFake,,,,,,,,,,,30,80,,,,,,,,,,,,,false,false,,en,0,98
Thu Feb 27 23:20:20 +0000 2014,439178213684551680,Homemade Horchata-Scented Toothpaste,"<a href=""https://about.twitter.com/products/tweetdeck"" rel=""nofollow"">TweetDeck</a>",false,,,,510980878,PinterestFake,,,,,,,,,,,24,43,,,,,,,,,,,,,false,false,,en,0,36
Thu Feb 27 20:23:08 +0000 2014,439133620997849088,Don-day es-tah la Maggiano's Pasta House?,"<a href=""http://twitter.com"" rel=""nofollow"">Twitter Web Client</a>",false,,,,510980878,PinterestFake,,,,,,,,,,,6,27,,,,,,,,,,,,,false,false,,it,0,41
Thu Feb 27 19:42:01 +0000 2014,439123271301095424,"Creator of the Muppets, Jason Segel","<a href=""http://twitter.com"" rel=""nofollow"">Twitter Web Client</a>",false,,,,510980878,PinterestFake,,,,,,,,,,,17,45,,,,,,,,,,,,,false,false,,en,0,35
Thu Feb 27 19:40:24 +0000 2014,439122865708097536,CHRISTMAS!,"<a href=""http://twitter.com"" rel=""nofollow"">Twitter Web Client</a>",false,,,,510980878,PinterestFake,,,,,,,,,,,4,13,,,,,,,,,,,,,false,false,,et,0,10
Wed Feb 26 19:27:09 +0000 2014,438757142615441408,You'd be better off shitting your baby into a toilet than giving birth in a hospital  #DEADONARRIVAL,"<a href=""https://about.twitter.com/products/tweetdeck"" rel=""nofollow"">TweetDeck</a>",false,,,,510980878,PinterestFake,,,,,,,,,,,16,45,DEADONARRIVAL,,,,,,,,,,,,false,false,,en,0,100
Wed Feb 26 17:36:08 +0000 2014,438729205979688960,Burlesque classes where you can learn to crave attention,"<a href=""http://twitter.com"" rel=""nofollow"">Twitter Web Client</a>",false,,,,510980878,PinterestFake,,,,,,,,,,,44,86,,,,,,,,,,,,,false,false,,en,0,56
Wed Feb 26 17:00:25 +0000 2014,438720216961261568,Clutch a sweaty orange in your thigh gap,"<a href=""http://twitter.com"" rel=""nofollow"">Twitter Web Client</a>",false,,,,510980878,PinterestFake,,,,,,,,,,,32,70,,,,,,,,,,,,,false,false,,en,0,40
